Mono path[0] = 'C:/New folder/content/Hollow Knight/Instance1/hollow_knight_Data/Managed'
Mono config path = 'C:/New folder/content/Hollow Knight/Instance1/MonoBleedingEdge/etc'
Initialize engine version: 2020.2.2f1 (068178b99f32)
[Subsystems] Discovering subsystems at path C:/New folder/content/Hollow Knight/Instance1/hollow_knight_Data/UnitySubsystems
GfxDevice: creating device client; threaded=1
Direct3D:
    Version:  Direct3D 11.0 [level 11.0]
    Renderer: NVIDIA GeForce GT 730 (ID=0xf02)
    Vendor:   
    VRAM:     4031 MB
    Driver:   23.21.13.9135
Begin MonoManager ReloadAssembly
- Completed reload, in  0.217 seconds
OnLevelWasLoaded was found on GameMap
This message has been deprecated and will be removed in a later version of Unity.
Add a delegate to SceneManager.sceneLoaded instead to get notifications after scene loading has completed

OnLevelWasLoaded was found on PlayMakerUnity2d
This message has been deprecated and will be removed in a later version of Unity.
Add a delegate to SceneManager.sceneLoaded instead to get notifications after scene loading has completed

D3D11 device created for Microsoft Media Foundation video decoding.
<RI> Initializing input.
<RI> Input initialized.
<RI> Initialized touch support.
The class named 'ConfigManager' is abstract. The script class can't be abstract!

UnloadTime: 2.324900 ms
Graphics tier changed to High

GOG signing in...

Selected online subsystem GOGGalaxyOnlineSubsystem

Discovered supported languages: DE, EN, ES, FR, IT, JA, KO, PT, RU, ZH

Unloading 5 Unused Serialized files (Serialized files now loaded: 0)
Loaded saved language code 'EN'

Restored language code 'EN'

GameVersionData must be instantiated using the ScriptableObject.CreateInstance method instead of new GameVersionData.


Unloading 362 unused Assets to reduce memory usage. Loaded Objects now: 3825.
Total: 2.184700 ms (FindLiveObjects: 0.287400 ms CreateObjectMapping: 0.159900 ms MarkObjects: 1.622400 ms  DeleteObjects: 0.114500 ms)

Unloading 5 Unused Serialized files (Serialized files now loaded: 0)
UnloadTime: 7.593800 ms
Fallback handler could not load library C:/New folder/content/Hollow Knight/Instance1/hollow_knight_Data/Mono/InControlNative
Fallback handler could not load library C:/New folder/content/Hollow Knight/Instance1/hollow_knight_Data/Mono/InControlNative.dll
Fallback handler could not load library C:/New folder/content/Hollow Knight/Instance1/hollow_knight_Data/Mono/InControlNative
Fallback handler could not load library C:/New folder/content/Hollow Knight/Instance1/hollow_knight_Data/Mono/libInControlNative
Fallback handler could not load library C:/New folder/content/Hollow Knight/Instance1/hollow_knight_Data/Mono/libInControlNative.dll
Fallback handler could not load library C:/New folder/content/Hollow Knight/Instance1/hollow_knight_Data/Mono/libInControlNative
Fallback handler could not load library C:/New folder/content/Hollow Knight/Instance1/hollow_knight_Data/Mono/InControlNative
Fallback handler could not load library C:/New folder/content/Hollow Knight/Instance1/hollow_knight_Data/Mono/InControlNative.dll
Fallback handler could not load library C:/New folder/content/Hollow Knight/Instance1/hollow_knight_Data/Mono/InControlNative
Fallback handler could not load library C:/New folder/content/Hollow Knight/Instance1/hollow_knight_Data/Mono/libInControlNative
Fallback handler could not load library C:/New folder/content/Hollow Knight/Instance1/hollow_knight_Data/Mono/libInControlNative.dll
Fallback handler could not load library C:/New folder/content/Hollow Knight/Instance1/hollow_knight_Data/Mono/libInControlNative
Fallback handler could not load library C:/New folder/content/Hollow Knight/Instance1/hollow_knight_Data/Mono/XInputInterface32
Fallback handler could not load library C:/New folder/content/Hollow Knight/Instance1/hollow_knight_Data/Mono/XInputInterface32.dll
Fallback handler could not load library C:/New folder/content/Hollow Knight/Instance1/hollow_knight_Data/Mono/XInputInterface32
Fallback handler could not load library C:/New folder/content/Hollow Knight/Instance1/hollow_knight_Data/Mono/libXInputInterface32
Fallback handler could not load library C:/New folder/content/Hollow Knight/Instance1/hollow_knight_Data/Mono/libXInputInterface32.dll
Fallback handler could not load library C:/New folder/content/Hollow Knight/Instance1/hollow_knight_Data/Mono/libXInputInterface32
DontDestroyOnLoad only works for root GameObjects or components on root GameObjects.

Creating Mod Logger

Fallback handler could not load library C:/New folder/content/Hollow Knight/Instance1/hollow_knight_Data/Mono/data-0000028E76D9B090.dll
Performing automatic level start.

Game controller set to None.


Unloading 30 unused Assets to reduce memory usage. Loaded Objects now: 45208.
Total: 229.539100 ms (FindLiveObjects: 4.280900 ms CreateObjectMapping: 3.095300 ms MarkObjects: 221.969900 ms  DeleteObjects: 0.192500 ms)

GOG authorization failed: FAILURE_REASON_GALAXY_SERVICE_NOT_AVAILABLE

GameObject contains a component type that is not recognized

Unloading 8 Unused Serialized files (Serialized files now loaded: 4)
UnloadTime: 1.978300 ms
Performing automatic level start.

Couldn't find a Hero, make sure one exists in the scene.

NullReferenceException: Object reference not set to an instance of an object
  at GameManager.SetupHeroRefs () [0x00016] in <2b54cdaf7a934f0eb297d50c4090ea9f>:0 
  at GameManager.orig_SetupSceneRefs (System.Boolean refreshTilemapInfo) [0x0006c] in <2b54cdaf7a934f0eb297d50c4090ea9f>:0 
  at GameManager.SetupSceneRefs (System.Boolean refreshTilemapInfo) [0x00000] in <2b54cdaf7a934f0eb297d50c4090ea9f>:0 
  at GameManager.LevelActivated (UnityEngine.SceneManagement.Scene sceneFrom, UnityEngine.SceneManagement.Scene sceneTo) [0x0003c] in <2b54cdaf7a934f0eb297d50c4090ea9f>:0 
  at (wrapper delegate-invoke) UnityEngine.Events.UnityAction`2[UnityEngine.SceneManagement.Scene,UnityEngine.SceneManagement.Scene].invoke_void_T0_T1(UnityEngine.SceneManagement.Scene,UnityEngine.SceneManagement.Scene)
  at UnityEngine.SceneManagement.SceneManager.Internal_ActiveSceneChanged (UnityEngine.SceneManagement.Scene previousActiveScene, UnityEngine.SceneManagement.Scene newActiveScene) [0x0000e] in <047294ce45cf4b9a9441e48d2b8435e4>:0 

Couldn't find a Hero, make sure one exists in the scene.


Unloading 159 unused Assets to reduce memory usage. Loaded Objects now: 44414.
Total: 233.355100 ms (FindLiveObjects: 5.109500 ms CreateObjectMapping: 3.676200 ms MarkObjects: 221.996800 ms  DeleteObjects: 2.571900 ms)

Couldn't find a Hero, make sure one exists in the scene.

Unloading 5 Unused Serialized files (Serialized files now loaded: 4)
UnloadTime: 0.472600 ms
DontDestroyOnLoad only works for root GameObjects or components on root GameObjects.

Performing automatic level start.

Game controller set to None.

DontDestroyOnLoad only works for root GameObjects or components on root GameObjects.

DontDestroyOnLoad only works for root GameObjects or components on root GameObjects.

DontDestroyOnLoad only works for root GameObjects or components on root GameObjects.

DontDestroyOnLoad only works for root GameObjects or components on root GameObjects.

DontDestroyOnLoad only works for root GameObjects or components on root GameObjects.

DontDestroyOnLoad only works for root GameObjects or components on root GameObjects.

DontDestroyOnLoad only works for root GameObjects or components on root GameObjects.

DontDestroyOnLoad only works for root GameObjects or components on root GameObjects.

DontDestroyOnLoad only works for root GameObjects or components on root GameObjects.

DontDestroyOnLoad only works for root GameObjects or components on root GameObjects.

DontDestroyOnLoad only works for root GameObjects or components on root GameObjects.

DontDestroyOnLoad only works for root GameObjects or components on root GameObjects.

DontDestroyOnLoad only works for root GameObjects or components on root GameObjects.

DontDestroyOnLoad only works for root GameObjects or components on root GameObjects.

Fallback handler could not load library C:/New folder/content/Hollow Knight/Instance1/hollow_knight_Data/Mono/data-0000028C629CD880.dll
DontDestroyOnLoad only works for root GameObjects or components on root GameObjects.

DontDestroyOnLoad only works for root GameObjects or components on root GameObjects.

DontDestroyOnLoad only works for root GameObjects or components on root GameObjects.

Coroutine couldn't be started because the the game object 'OptionsMenuScreen' is inactive!


Unloading 21 unused Assets to reduce memory usage. Loaded Objects now: 51381.
Total: 258.603100 ms (FindLiveObjects: 7.305600 ms CreateObjectMapping: 4.578200 ms MarkObjects: 246.550100 ms  DeleteObjects: 0.168600 ms)

Couldn't find a Hero, make sure one exists in the scene.

Couldn't find a Hero, make sure one exists in the scene.

Couldn't find a Hero, make sure one exists in the scene.

Couldn't find a Hero, make sure one exists in the scene.

Couldn't find a Hero, make sure one exists in the scene.

Couldn't find a Hero, make sure one exists in the scene.

Couldn't find a Hero, make sure one exists in the scene.

Couldn't find a Hero, make sure one exists in the scene.

Couldn't find a Hero, make sure one exists in the scene.

Couldn't find a Hero, make sure one exists in the scene.

Couldn't find a Hero, make sure one exists in the scene.

Couldn't find a Hero, make sure one exists in the scene.

Couldn't find a Hero, make sure one exists in the scene.

Couldn't find a Hero, make sure one exists in the scene.

Couldn't find a Hero, make sure one exists in the scene.

Couldn't find a Hero, make sure one exists in the scene.

Couldn't find a Hero, make sure one exists in the scene.

Couldn't find a Hero, make sure one exists in the scene.

Couldn't find a Hero, make sure one exists in the scene.

Couldn't find a Hero, make sure one exists in the scene.

Couldn't find a Hero, make sure one exists in the scene.

Couldn't find a Hero, make sure one exists in the scene.

Couldn't find a Hero, make sure one exists in the scene.

Couldn't find a Hero, make sure one exists in the scene.

Couldn't find a Hero, make sure one exists in the scene.

Couldn't find a Hero, make sure one exists in the scene.

Couldn't find a Hero, make sure one exists in the scene.

Couldn't find a Hero, make sure one exists in the scene.

Couldn't find a Hero, make sure one exists in the scene.

Couldn't find a Hero, make sure one exists in the scene.

Couldn't find a Hero, make sure one exists in the scene.

Couldn't find a Hero, make sure one exists in the scene.

Couldn't find a Hero, make sure one exists in the scene.

Couldn't find a Hero, make sure one exists in the scene.

Couldn't find a Hero, make sure one exists in the scene.

Couldn't find a Hero, make sure one exists in the scene.

Couldn't find a Hero, make sure one exists in the scene.

Couldn't find a Hero, make sure one exists in the scene.

Couldn't find a Hero, make sure one exists in the scene.

Couldn't find a Hero, make sure one exists in the scene.

Making UI menu lean.

NullReferenceException
  at (wrapper managed-to-native) UnityEngine.MonoBehaviour.IsObjectMonoBehaviour(UnityEngine.Object)
  at UnityEngine.MonoBehaviour.StartCoroutine (System.Collections.IEnumerator routine) [0x00014] in <047294ce45cf4b9a9441e48d2b8435e4>:0 
  at (wrapper dynamic-method) UnityEngine.UI.SaveSlotButton+<AnimateToSlotState>d__68.DMD<UnityEngine.UI.SaveSlotButton+<AnimateToSlotState>d__68::MoveNext>(UnityEngine.UI.SaveSlotButton/<AnimateToSlotState>d__68)
  at UnityEngine.SetupCoroutine.InvokeMoveNext (System.Collections.IEnumerator enumerator, System.IntPtr returnValueAddress) [0x00026] in <047294ce45cf4b9a9441e48d2b8435e4>:0 

NullReferenceException
  at (wrapper managed-to-native) UnityEngine.Animator.ResetTriggerString(UnityEngine.Animator,string)
  at UnityEngine.Animator.ResetTrigger (System.String name) [0x00001] in <d9588575c4ff4e818531b9dd12300bcd>:0 
  at (wrapper dynamic-method) UnityEngine.UI.SaveSlotButton+<AnimateToSlotState>d__68.DMD<UnityEngine.UI.SaveSlotButton+<AnimateToSlotState>d__68::MoveNext>(UnityEngine.UI.SaveSlotButton/<AnimateToSlotState>d__68)
  at UnityEngine.SetupCoroutine.InvokeMoveNext (System.Collections.IEnumerator enumerator, System.IntPtr returnValueAddress) [0x00026] in <047294ce45cf4b9a9441e48d2b8435e4>:0 
UnityEngine.MonoBehaviour:StartCoroutineManaged2(IEnumerator)
UnityEngine.MonoBehaviour:StartCoroutine(IEnumerator)
CoroutineQueue:Enqueue(IEnumerator)
UnityEngine.UI.SaveSlotButton:HideSaveSlot()
<HideSaveProfileMenu>d__216:DMD<UIManager+<HideSaveProfileMenu>d__216::MoveNext>(<HideSaveProfileMenu>d__216)
UnityEngine.SetupCoroutine:InvokeMoveNext(IEnumerator, IntPtr)

AddEventHandlerComponent: PlayMakerFixedUpdate

AddEventHandlerComponent: PlayMakerFixedUpdate

AddEventHandlerComponent: PlayMakerFixedUpdate

AddEventHandlerComponent: PlayMakerFixedUpdate

AddEventHandlerComponent: PlayMakerFixedUpdate

AddEventHandlerComponent: PlayMakerFixedUpdate

AddEventHandlerComponent: PlayMakerFixedUpdate

AddEventHandlerComponent: PlayMakerFixedUpdate

AddEventHandlerComponent: PlayMakerFixedUpdate

AddEventHandlerComponent: PlayMakerFixedUpdate

AddEventHandlerComponent: PlayMakerFixedUpdate

AddEventHandlerComponent: PlayMakerFixedUpdate

AddEventHandlerComponent: PlayMakerFixedUpdate

AddEventHandlerComponent: PlayMakerFixedUpdate

AddEventHandlerComponent: PlayMakerFixedUpdate

AddEventHandlerComponent: PlayMakerFixedUpdate

AddEventHandlerComponent: PlayMakerFixedUpdate

AddEventHandlerComponent: PlayMakerFixedUpdate

AddEventHandlerComponent: PlayMakerFixedUpdate

AddEventHandlerComponent: PlayMakerFixedUpdate

AddEventHandlerComponent: PlayMakerFixedUpdate

AddEventHandlerComponent: PlayMakerFixedUpdate

AddEventHandlerComponent: PlayMakerFixedUpdate

AddEventHandlerComponent: PlayMakerFixedUpdate

AddEventHandlerComponent: PlayMakerFixedUpdate

AddEventHandlerComponent: PlayMakerFixedUpdate

AddEventHandlerComponent: PlayMakerFixedUpdate

AddEventHandlerComponent: PlayMakerFixedUpdate

AddEventHandlerComponent: PlayMakerFixedUpdate

AddEventHandlerComponent: PlayMakerFixedUpdate

Deferring level start (marked as manual).

Unloading 6 Unused Serialized files (Serialized files now loaded: 4)

Unloading 300 unused Assets to reduce memory usage. Loaded Objects now: 69147.
Total: 430.214000 ms (FindLiveObjects: 5.965000 ms CreateObjectMapping: 4.165200 ms MarkObjects: 417.464200 ms  DeleteObjects: 2.618800 ms)

AddEventHandlerComponent: PlayMakerFixedUpdate

Can't remove MeshFilter because tk2dSprite (Script) depends on it

Can't remove MeshRenderer because tk2dSprite (Script) depends on it

Can't destroy Transform component of 'Clash Tink'. If you want to destroy the game object, please call 'Destroy' on the game object instead. Destroying the transform component is not allowed.

Game controller set to XInput Controller.

Controller Type: XboxOne

Active Gamepad Type: XBOX_ONE

Fallback handler could not load library C:/New folder/content/Hollow Knight/Instance1/hollow_knight_Data/Mono/XInputInterface32
Fallback handler could not load library C:/New folder/content/Hollow Knight/Instance1/hollow_knight_Data/Mono/XInputInterface32.dll
Fallback handler could not load library C:/New folder/content/Hollow Knight/Instance1/hollow_knight_Data/Mono/XInputInterface32
Fallback handler could not load library C:/New folder/content/Hollow Knight/Instance1/hollow_knight_Data/Mono/libXInputInterface32
Fallback handler could not load library C:/New folder/content/Hollow Knight/Instance1/hollow_knight_Data/Mono/libXInputInterface32.dll
Fallback handler could not load library C:/New folder/content/Hollow Knight/Instance1/hollow_knight_Data/Mono/libXInputInterface32
Can't remove MeshFilter because tk2dSprite (Script) depends on it

Can't remove MeshRenderer because tk2dSprite (Script) depends on it

Can't destroy Transform component of 'Clash Tink'. If you want to destroy the game object, please call 'Destroy' on the game object instead. Destroying the transform component is not allowed.

Can't remove MeshFilter because tk2dSprite (Script) depends on it

Can't remove MeshRenderer because tk2dSprite (Script) depends on it

Can't destroy Transform component of 'Clash Tink'. If you want to destroy the game object, please call 'Destroy' on the game object instead. Destroying the transform component is not allowed.

Can't remove MeshFilter because tk2dSprite (Script) depends on it

Can't remove MeshRenderer because tk2dSprite (Script) depends on it

Can't destroy Transform component of 'Clash Tink'. If you want to destroy the game object, please call 'Destroy' on the game object instead. Destroying the transform component is not allowed.

Can't remove MeshFilter because tk2dSprite (Script) depends on it

Can't remove MeshRenderer because tk2dSprite (Script) depends on it

Can't destroy Transform component of 'Clash Tink'. If you want to destroy the game object, please call 'Destroy' on the game object instead. Destroying the transform component is not allowed.

Can't remove MeshFilter because tk2dSprite (Script) depends on it

Can't remove MeshRenderer because tk2dSprite (Script) depends on it

Can't destroy Transform component of 'Clash Tink'. If you want to destroy the game object, please call 'Destroy' on the game object instead. Destroying the transform component is not allowed.

Can't remove MeshFilter because tk2dSprite (Script) depends on it

Can't remove MeshRenderer because tk2dSprite (Script) depends on it

Can't destroy Transform component of 'Clash Tink'. If you want to destroy the game object, please call 'Destroy' on the game object instead. Destroying the transform component is not allowed.

Object Pool attached to GlobalPool has run out of Strike Nail R prefabs, Instantiating an additional one.

Can't remove MeshFilter because tk2dSprite (Script) depends on it

Can't remove MeshRenderer because tk2dSprite (Script) depends on it

Can't destroy Transform component of 'Clash Tink'. If you want to destroy the game object, please call 'Destroy' on the game object instead. Destroying the transform component is not allowed.

Can't remove MeshFilter because tk2dSprite (Script) depends on it

Can't remove MeshRenderer because tk2dSprite (Script) depends on it

Can't destroy Transform component of 'Clash Tink'. If you want to destroy the game object, please call 'Destroy' on the game object instead. Destroying the transform component is not allowed.

Can't remove MeshFilter because tk2dSprite (Script) depends on it

Can't remove MeshRenderer because tk2dSprite (Script) depends on it

Can't destroy Transform component of 'Clash Tink'. If you want to destroy the game object, please call 'Destroy' on the game object instead. Destroying the transform component is not allowed.

Can't remove MeshFilter because tk2dSprite (Script) depends on it

Can't remove MeshRenderer because tk2dSprite (Script) depends on it

Can't destroy Transform component of 'Clash Tink'. If you want to destroy the game object, please call 'Destroy' on the game object instead. Destroying the transform component is not allowed.

Can't remove MeshFilter because tk2dSprite (Script) depends on it

Can't remove MeshRenderer because tk2dSprite (Script) depends on it

Can't destroy Transform component of 'Clash Tink'. If you want to destroy the game object, please call 'Destroy' on the game object instead. Destroying the transform component is not allowed.

Can't remove MeshFilter because tk2dSprite (Script) depends on it

Can't remove MeshRenderer because tk2dSprite (Script) depends on it

Can't destroy Transform component of 'Clash Tink'. If you want to destroy the game object, please call 'Destroy' on the game object instead. Destroying the transform component is not allowed.

Can't remove MeshFilter because tk2dSprite (Script) depends on it

Can't remove MeshRenderer because tk2dSprite (Script) depends on it

Can't destroy Transform component of 'Clash Tink'. If you want to destroy the game object, please call 'Destroy' on the game object instead. Destroying the transform component is not allowed.

Object Pool attached to GlobalPool has run out of Slash Impact R prefabs, Instantiating an additional one.

Object Pool attached to GlobalPool has run out of Slash Impact R prefabs, Instantiating an additional one.

Object Pool attached to GlobalPool has run out of Slash Impact R prefabs, Instantiating an additional one.

Can't remove MeshFilter because tk2dSprite (Script) depends on it

Can't remove MeshRenderer because tk2dSprite (Script) depends on it

Can't destroy Transform component of 'Clash Tink'. If you want to destroy the game object, please call 'Destroy' on the game object instead. Destroying the transform component is not allowed.

Can't remove MeshFilter because tk2dSprite (Script) depends on it

Can't remove MeshRenderer because tk2dSprite (Script) depends on it

Can't destroy Transform component of 'Clash Tink'. If you want to destroy the game object, please call 'Destroy' on the game object instead. Destroying the transform component is not allowed.

Can't remove MeshFilter because tk2dSprite (Script) depends on it

Can't remove MeshRenderer because tk2dSprite (Script) depends on it

Can't destroy Transform component of 'Clash Tink'. If you want to destroy the game object, please call 'Destroy' on the game object instead. Destroying the transform component is not allowed.

Can't remove MeshFilter because tk2dSprite (Script) depends on it

Can't remove MeshRenderer because tk2dSprite (Script) depends on it

Can't destroy Transform component of 'Clash Tink'. If you want to destroy the game object, please call 'Destroy' on the game object instead. Destroying the transform component is not allowed.

Can't remove MeshFilter because tk2dSprite (Script) depends on it

Can't remove MeshRenderer because tk2dSprite (Script) depends on it

Can't destroy Transform component of 'Clash Tink'. If you want to destroy the game object, please call 'Destroy' on the game object instead. Destroying the transform component is not allowed.

Can't remove MeshFilter because tk2dSprite (Script) depends on it

Can't remove MeshRenderer because tk2dSprite (Script) depends on it

Can't destroy Transform component of 'Clash Tink'. If you want to destroy the game object, please call 'Destroy' on the game object instead. Destroying the transform component is not allowed.

Can't remove MeshFilter because tk2dSprite (Script) depends on it

Can't remove MeshRenderer because tk2dSprite (Script) depends on it

Can't destroy Transform component of 'Clash Tink'. If you want to destroy the game object, please call 'Destroy' on the game object instead. Destroying the transform component is not allowed.

Can't remove MeshFilter because tk2dSprite (Script) depends on it

Can't remove MeshRenderer because tk2dSprite (Script) depends on it

Can't destroy Transform component of 'Clash Tink'. If you want to destroy the game object, please call 'Destroy' on the game object instead. Destroying the transform component is not allowed.

Can't remove MeshFilter because tk2dSprite (Script) depends on it

Can't remove MeshRenderer because tk2dSprite (Script) depends on it

Can't destroy Transform component of 'Clash Tink'. If you want to destroy the game object, please call 'Destroy' on the game object instead. Destroying the transform component is not allowed.

Can't remove MeshFilter because tk2dSprite (Script) depends on it

Can't remove MeshRenderer because tk2dSprite (Script) depends on it

Can't destroy Transform component of 'Clash Tink'. If you want to destroy the game object, please call 'Destroy' on the game object instead. Destroying the transform component is not allowed.

Can't remove MeshFilter because tk2dSprite (Script) depends on it

Can't remove MeshRenderer because tk2dSprite (Script) depends on it

Can't destroy Transform component of 'Clash Tink'. If you want to destroy the game object, please call 'Destroy' on the game object instead. Destroying the transform component is not allowed.

Can't remove MeshFilter because tk2dSprite (Script) depends on it

Can't remove MeshRenderer because tk2dSprite (Script) depends on it

Can't destroy Transform component of 'Clash Tink'. If you want to destroy the game object, please call 'Destroy' on the game object instead. Destroying the transform component is not allowed.

Can't remove MeshFilter because tk2dSprite (Script) depends on it

Can't remove MeshRenderer because tk2dSprite (Script) depends on it

Can't destroy Transform component of 'Clash Tink'. If you want to destroy the game object, please call 'Destroy' on the game object instead. Destroying the transform component is not allowed.

Can't remove MeshFilter because tk2dSprite (Script) depends on it

Can't remove MeshRenderer because tk2dSprite (Script) depends on it

Can't destroy Transform component of 'Clash Tink'. If you want to destroy the game object, please call 'Destroy' on the game object instead. Destroying the transform component is not allowed.

Can't remove MeshFilter because tk2dSprite (Script) depends on it

Can't remove MeshRenderer because tk2dSprite (Script) depends on it

Can't destroy Transform component of 'Clash Tink'. If you want to destroy the game object, please call 'Destroy' on the game object instead. Destroying the transform component is not allowed.

Can't remove MeshFilter because tk2dSprite (Script) depends on it

Can't remove MeshRenderer because tk2dSprite (Script) depends on it

Can't destroy Transform component of 'Clash Tink'. If you want to destroy the game object, please call 'Destroy' on the game object instead. Destroying the transform component is not allowed.

Can't remove MeshFilter because tk2dSprite (Script) depends on it

Can't remove MeshRenderer because tk2dSprite (Script) depends on it

Can't destroy Transform component of 'Clash Tink'. If you want to destroy the game object, please call 'Destroy' on the game object instead. Destroying the transform component is not allowed.

Can't remove MeshFilter because tk2dSprite (Script) depends on it

Can't remove MeshRenderer because tk2dSprite (Script) depends on it

Can't destroy Transform component of 'Clash Tink'. If you want to destroy the game object, please call 'Destroy' on the game object instead. Destroying the transform component is not allowed.

AddEventHandlerComponent: PlayMakerFixedUpdate

Can't remove MeshFilter because tk2dSprite (Script) depends on it

Can't remove MeshRenderer because tk2dSprite (Script) depends on it

Can't destroy Transform component of 'Clash Tink'. If you want to destroy the game object, please call 'Destroy' on the game object instead. Destroying the transform component is not allowed.

Can't remove MeshFilter because tk2dSprite (Script) depends on it

Can't remove MeshRenderer because tk2dSprite (Script) depends on it

Can't destroy Transform component of 'Clash Tink'. If you want to destroy the game object, please call 'Destroy' on the game object instead. Destroying the transform component is not allowed.

Can't remove MeshFilter because tk2dSprite (Script) depends on it

Can't remove MeshRenderer because tk2dSprite (Script) depends on it

Can't destroy Transform component of 'Clash Tink'. If you want to destroy the game object, please call 'Destroy' on the game object instead. Destroying the transform component is not allowed.

Can't remove MeshFilter because tk2dSprite (Script) depends on it

Can't remove MeshRenderer because tk2dSprite (Script) depends on it

Can't destroy Transform component of 'Clash Tink'. If you want to destroy the game object, please call 'Destroy' on the game object instead. Destroying the transform component is not allowed.

Object Pool attached to GlobalPool has run out of Plat Rocks prefabs, Instantiating an additional one.

Can't remove MeshFilter because tk2dSprite (Script) depends on it

Can't remove MeshRenderer because tk2dSprite (Script) depends on it

Can't destroy Transform component of 'Clash Tink'. If you want to destroy the game object, please call 'Destroy' on the game object instead. Destroying the transform component is not allowed.

Can't remove MeshFilter because tk2dSprite (Script) depends on it

Can't remove MeshRenderer because tk2dSprite (Script) depends on it

Can't destroy Transform component of 'Clash Tink'. If you want to destroy the game object, please call 'Destroy' on the game object instead. Destroying the transform component is not allowed.

Can't remove MeshFilter because tk2dSprite (Script) depends on it

Can't remove MeshRenderer because tk2dSprite (Script) depends on it

Can't destroy Transform component of 'Clash Tink'. If you want to destroy the game object, please call 'Destroy' on the game object instead. Destroying the transform component is not allowed.

Can't remove MeshFilter because tk2dSprite (Script) depends on it

Can't remove MeshRenderer because tk2dSprite (Script) depends on it

Can't destroy Transform component of 'Clash Tink'. If you want to destroy the game object, please call 'Destroy' on the game object instead. Destroying the transform component is not allowed.

Can't remove MeshFilter because tk2dSprite (Script) depends on it

Can't remove MeshRenderer because tk2dSprite (Script) depends on it

Can't destroy Transform component of 'Clash Tink'. If you want to destroy the game object, please call 'Destroy' on the game object instead. Destroying the transform component is not allowed.

Can't remove MeshFilter because tk2dSprite (Script) depends on it

Can't remove MeshRenderer because tk2dSprite (Script) depends on it

Can't destroy Transform component of 'Clash Tink'. If you want to destroy the game object, please call 'Destroy' on the game object instead. Destroying the transform component is not allowed.

Can't remove MeshFilter because tk2dSprite (Script) depends on it

Can't remove MeshRenderer because tk2dSprite (Script) depends on it

Can't destroy Transform component of 'Clash Tink'. If you want to destroy the game object, please call 'Destroy' on the game object instead. Destroying the transform component is not allowed.

Can't remove MeshFilter because tk2dSprite (Script) depends on it

Can't remove MeshRenderer because tk2dSprite (Script) depends on it

Can't destroy Transform component of 'Clash Tink'. If you want to destroy the game object, please call 'Destroy' on the game object instead. Destroying the transform component is not allowed.

Can't remove MeshFilter because tk2dSprite (Script) depends on it

Can't remove MeshRenderer because tk2dSprite (Script) depends on it

Can't destroy Transform component of 'Clash Tink'. If you want to destroy the game object, please call 'Destroy' on the game object instead. Destroying the transform component is not allowed.

Can't remove MeshFilter because tk2dSprite (Script) depends on it

Can't remove MeshRenderer because tk2dSprite (Script) depends on it

Can't destroy Transform component of 'Clash Tink'. If you want to destroy the game object, please call 'Destroy' on the game object instead. Destroying the transform component is not allowed.

Can't remove MeshFilter because tk2dSprite (Script) depends on it

Can't remove MeshRenderer because tk2dSprite (Script) depends on it

Can't destroy Transform component of 'Clash Tink'. If you want to destroy the game object, please call 'Destroy' on the game object instead. Destroying the transform component is not allowed.

Can't remove MeshFilter because tk2dSprite (Script) depends on it

Can't remove MeshRenderer because tk2dSprite (Script) depends on it

Can't destroy Transform component of 'Clash Tink'. If you want to destroy the game object, please call 'Destroy' on the game object instead. Destroying the transform component is not allowed.

Can't remove MeshFilter because tk2dSprite (Script) depends on it

Can't remove MeshRenderer because tk2dSprite (Script) depends on it

Can't destroy Transform component of 'Clash Tink'. If you want to destroy the game object, please call 'Destroy' on the game object instead. Destroying the transform component is not allowed.

Can't remove MeshFilter because tk2dSprite (Script) depends on it

Can't remove MeshRenderer because tk2dSprite (Script) depends on it

Can't destroy Transform component of 'Clash Tink'. If you want to destroy the game object, please call 'Destroy' on the game object instead. Destroying the transform component is not allowed.

Can't remove MeshFilter because tk2dSprite (Script) depends on it

Can't remove MeshRenderer because tk2dSprite (Script) depends on it

Can't destroy Transform component of 'Clash Tink'. If you want to destroy the game object, please call 'Destroy' on the game object instead. Destroying the transform component is not allowed.

Can't remove MeshFilter because tk2dSprite (Script) depends on it

Can't remove MeshRenderer because tk2dSprite (Script) depends on it

Can't destroy Transform component of 'Clash Tink'. If you want to destroy the game object, please call 'Destroy' on the game object instead. Destroying the transform component is not allowed.

Can't remove MeshFilter because tk2dSprite (Script) depends on it

Can't remove MeshRenderer because tk2dSprite (Script) depends on it

Can't destroy Transform component of 'Clash Tink'. If you want to destroy the game object, please call 'Destroy' on the game object instead. Destroying the transform component is not allowed.

Can't remove MeshFilter because tk2dSprite (Script) depends on it

Can't remove MeshRenderer because tk2dSprite (Script) depends on it

Can't destroy Transform component of 'Clash Tink'. If you want to destroy the game object, please call 'Destroy' on the game object instead. Destroying the transform component is not allowed.

Can't remove MeshFilter because tk2dSprite (Script) depends on it

Can't remove MeshRenderer because tk2dSprite (Script) depends on it

Can't destroy Transform component of 'Clash Tink'. If you want to destroy the game object, please call 'Destroy' on the game object instead. Destroying the transform component is not allowed.

Can't remove MeshFilter because tk2dSprite (Script) depends on it

Can't remove MeshRenderer because tk2dSprite (Script) depends on it

Can't destroy Transform component of 'Clash Tink'. If you want to destroy the game object, please call 'Destroy' on the game object instead. Destroying the transform component is not allowed.

Can't remove MeshFilter because tk2dSprite (Script) depends on it

Can't remove MeshRenderer because tk2dSprite (Script) depends on it

Can't destroy Transform component of 'Clash Tink'. If you want to destroy the game object, please call 'Destroy' on the game object instead. Destroying the transform component is not allowed.

Can't remove MeshFilter because tk2dSprite (Script) depends on it

Can't remove MeshRenderer because tk2dSprite (Script) depends on it

Can't destroy Transform component of 'Clash Tink'. If you want to destroy the game object, please call 'Destroy' on the game object instead. Destroying the transform component is not allowed.

Can't remove MeshFilter because tk2dSprite (Script) depends on it

Can't remove MeshRenderer because tk2dSprite (Script) depends on it

Can't destroy Transform component of 'Clash Tink'. If you want to destroy the game object, please call 'Destroy' on the game object instead. Destroying the transform component is not allowed.

Can't remove MeshFilter because tk2dSprite (Script) depends on it

Can't remove MeshRenderer because tk2dSprite (Script) depends on it

Can't destroy Transform component of 'Clash Tink'. If you want to destroy the game object, please call 'Destroy' on the game object instead. Destroying the transform component is not allowed.

Can't remove MeshFilter because tk2dSprite (Script) depends on it

Can't remove MeshRenderer because tk2dSprite (Script) depends on it

Can't destroy Transform component of 'Clash Tink'. If you want to destroy the game object, please call 'Destroy' on the game object instead. Destroying the transform component is not allowed.

Can't remove MeshFilter because tk2dSprite (Script) depends on it

Can't remove MeshRenderer because tk2dSprite (Script) depends on it

Can't destroy Transform component of 'Clash Tink'. If you want to destroy the game object, please call 'Destroy' on the game object instead. Destroying the transform component is not allowed.

Can't remove MeshFilter because tk2dSprite (Script) depends on it

Can't remove MeshRenderer because tk2dSprite (Script) depends on it

Can't destroy Transform component of 'Clash Tink'. If you want to destroy the game object, please call 'Destroy' on the game object instead. Destroying the transform component is not allowed.

Can't remove MeshFilter because tk2dSprite (Script) depends on it

Can't remove MeshRenderer because tk2dSprite (Script) depends on it

Can't destroy Transform component of 'Clash Tink'. If you want to destroy the game object, please call 'Destroy' on the game object instead. Destroying the transform component is not allowed.

Can't remove MeshFilter because tk2dSprite (Script) depends on it

Can't remove MeshRenderer because tk2dSprite (Script) depends on it

Can't destroy Transform component of 'Clash Tink'. If you want to destroy the game object, please call 'Destroy' on the game object instead. Destroying the transform component is not allowed.

Can't remove MeshFilter because tk2dSprite (Script) depends on it

Can't remove MeshRenderer because tk2dSprite (Script) depends on it

Can't destroy Transform component of 'Clash Tink'. If you want to destroy the game object, please call 'Destroy' on the game object instead. Destroying the transform component is not allowed.

Can't remove MeshFilter because tk2dSprite (Script) depends on it

Can't remove MeshRenderer because tk2dSprite (Script) depends on it

Can't destroy Transform component of 'Clash Tink'. If you want to destroy the game object, please call 'Destroy' on the game object instead. Destroying the transform component is not allowed.

Can't remove MeshFilter because tk2dSprite (Script) depends on it

Can't remove MeshRenderer because tk2dSprite (Script) depends on it

Can't destroy Transform component of 'Clash Tink'. If you want to destroy the game object, please call 'Destroy' on the game object instead. Destroying the transform component is not allowed.

Can't remove MeshFilter because tk2dSprite (Script) depends on it

Can't remove MeshRenderer because tk2dSprite (Script) depends on it

Can't destroy Transform component of 'Clash Tink'. If you want to destroy the game object, please call 'Destroy' on the game object instead. Destroying the transform component is not allowed.

Can't remove MeshFilter because tk2dSprite (Script) depends on it

Can't remove MeshRenderer because tk2dSprite (Script) depends on it

Can't destroy Transform component of 'Clash Tink'. If you want to destroy the game object, please call 'Destroy' on the game object instead. Destroying the transform component is not allowed.

Can't remove MeshFilter because tk2dSprite (Script) depends on it

Can't remove MeshRenderer because tk2dSprite (Script) depends on it

Can't destroy Transform component of 'Clash Tink'. If you want to destroy the game object, please call 'Destroy' on the game object instead. Destroying the transform component is not allowed.

Can't remove MeshFilter because tk2dSprite (Script) depends on it

Can't remove MeshRenderer because tk2dSprite (Script) depends on it

Can't destroy Transform component of 'Clash Tink'. If you want to destroy the game object, please call 'Destroy' on the game object instead. Destroying the transform component is not allowed.

Can't remove MeshFilter because tk2dSprite (Script) depends on it

Can't remove MeshRenderer because tk2dSprite (Script) depends on it

Can't destroy Transform component of 'Clash Tink'. If you want to destroy the game object, please call 'Destroy' on the game object instead. Destroying the transform component is not allowed.

Object Pool attached to GlobalPool has run out of Strike Nail R prefabs, Instantiating an additional one.

Object Pool attached to GlobalPool has run out of Run Effects prefabs, Instantiating an additional one.

AddEventHandlerComponent: PlayMakerFixedUpdate

AddEventHandlerComponent: PlayMakerFixedUpdate

AddEventHandlerComponent: PlayMakerFixedUpdate

AddEventHandlerComponent: PlayMakerFixedUpdate

AddEventHandlerComponent: PlayMakerFixedUpdate

AddEventHandlerComponent: PlayMakerFixedUpdate

AddEventHandlerComponent: PlayMakerFixedUpdate

AddEventHandlerComponent: PlayMakerFixedUpdate

AddEventHandlerComponent: PlayMakerFixedUpdate

AddEventHandlerComponent: PlayMakerFixedUpdate

AddEventHandlerComponent: PlayMakerFixedUpdate

AddEventHandlerComponent: PlayMakerFixedUpdate

AddEventHandlerComponent: PlayMakerFixedUpdate

AddEventHandlerComponent: PlayMakerFixedUpdate

AddEventHandlerComponent: PlayMakerFixedUpdate

AddEventHandlerComponent: PlayMakerFixedUpdate

AddEventHandlerComponent: PlayMakerFixedUpdate

Object Pool attached to GlobalPool could not find a copy of Screen Flash, Instantiating a new one.

Object Pool attached to GlobalPool has run out of Screen Flash prefabs, Instantiating an additional one.

Bump Height: 0.09458923

Bump Height: 0.09459305

AddEventHandlerComponent: PlayMakerFixedUpdate

AddEventHandlerComponent: PlayMakerFixedUpdate

AddEventHandlerComponent: PlayMakerFixedUpdate

AddEventHandlerComponent: PlayMakerFixedUpdate

AddEventHandlerComponent: PlayMakerFixedUpdate

AddEventHandlerComponent: PlayMakerFixedUpdate

AddEventHandlerComponent: PlayMakerFixedUpdate

AddEventHandlerComponent: PlayMakerCollisionEnter2D

AddEventHandlerComponent: PlayMakerFixedUpdate

AddEventHandlerComponent: PlayMakerFixedUpdate

AddEventHandlerComponent: PlayMakerFixedUpdate

AddEventHandlerComponent: PlayMakerFixedUpdate

AddEventHandlerComponent: PlayMakerFixedUpdate

AddEventHandlerComponent: PlayMakerFixedUpdate

Deferring level start (marked as manual).

Unable to get achievement CHARMED, because GOG is not authenticated.

Unable to push achievement CHARMED, because GOG is not authenticated.

Unable to get achievement CHARMED, because GOG is not authenticated.

Unable to push achievement CHARMED, because GOG is not authenticated.

Unable to get achievement CHARMED, because GOG is not authenticated.

Unable to push achievement CHARMED, because GOG is not authenticated.

AddEventHandlerComponent: PlayMakerFixedUpdate

AddEventHandlerComponent: PlayMakerFixedUpdate

AddEventHandlerComponent: PlayMakerFixedUpdate

AddEventHandlerComponent: PlayMakerFixedUpdate

Deferring level start (marked as manual).

Can't remove MeshFilter because tk2dSprite (Script) depends on it

Can't remove MeshRenderer because tk2dSprite (Script) depends on it

Can't destroy Transform component of 'Clash Tink'. If you want to destroy the game object, please call 'Destroy' on the game object instead. Destroying the transform component is not allowed.

Can't remove MeshFilter because tk2dSprite (Script) depends on it

Can't remove MeshRenderer because tk2dSprite (Script) depends on it

Can't destroy Transform component of 'Clash Tink'. If you want to destroy the game object, please call 'Destroy' on the game object instead. Destroying the transform component is not allowed.

Can't remove MeshFilter because tk2dSprite (Script) depends on it

Can't remove MeshRenderer because tk2dSprite (Script) depends on it

Can't destroy Transform component of 'Clash Tink'. If you want to destroy the game object, please call 'Destroy' on the game object instead. Destroying the transform component is not allowed.

Can't remove MeshFilter because tk2dSprite (Script) depends on it

Can't remove MeshRenderer because tk2dSprite (Script) depends on it

Can't destroy Transform component of 'Clash Tink'. If you want to destroy the game object, please call 'Destroy' on the game object instead. Destroying the transform component is not allowed.

Can't remove MeshFilter because tk2dSprite (Script) depends on it

Can't remove MeshRenderer because tk2dSprite (Script) depends on it

Can't destroy Transform component of 'Clash Tink'. If you want to destroy the game object, please call 'Destroy' on the game object instead. Destroying the transform component is not allowed.

Can't remove MeshFilter because tk2dSprite (Script) depends on it

Can't remove MeshRenderer because tk2dSprite (Script) depends on it

Can't destroy Transform component of 'Clash Tink'. If you want to destroy the game object, please call 'Destroy' on the game object instead. Destroying the transform component is not allowed.

AddEventHandlerComponent: PlayMakerFixedUpdate

AddEventHandlerComponent: PlayMakerCollisionStay

AddEventHandlerComponent: PlayMakerCollisionEnter2D

AddEventHandlerComponent: PlayMakerCollisionStay2D

AddEventHandlerComponent: PlayMakerFixedUpdate

AddEventHandlerComponent: PlayMakerCollisionStay

AddEventHandlerComponent: PlayMakerCollisionEnter2D

AddEventHandlerComponent: PlayMakerCollisionStay2D

AddEventHandlerComponent: PlayMakerFixedUpdate

AddEventHandlerComponent: PlayMakerCollisionStay

AddEventHandlerComponent: PlayMakerCollisionEnter2D

AddEventHandlerComponent: PlayMakerCollisionStay2D

AddEventHandlerComponent: PlayMakerFixedUpdate

AddEventHandlerComponent: PlayMakerCollisionStay

AddEventHandlerComponent: PlayMakerCollisionEnter2D

AddEventHandlerComponent: PlayMakerCollisionStay2D

AddEventHandlerComponent: PlayMakerFixedUpdate

AddEventHandlerComponent: PlayMakerCollisionStay

AddEventHandlerComponent: PlayMakerCollisionEnter2D

AddEventHandlerComponent: PlayMakerCollisionStay2D

AddEventHandlerComponent: PlayMakerFixedUpdate

AddEventHandlerComponent: PlayMakerCollisionStay

AddEventHandlerComponent: PlayMakerCollisionEnter2D

AddEventHandlerComponent: PlayMakerCollisionStay2D

AddEventHandlerComponent: PlayMakerFixedUpdate

AddEventHandlerComponent: PlayMakerCollisionStay

AddEventHandlerComponent: PlayMakerCollisionEnter2D

AddEventHandlerComponent: PlayMakerCollisionStay2D

AddEventHandlerComponent: PlayMakerFixedUpdate

AddEventHandlerComponent: PlayMakerCollisionStay

AddEventHandlerComponent: PlayMakerCollisionEnter2D

AddEventHandlerComponent: PlayMakerCollisionStay2D

AddEventHandlerComponent: PlayMakerFixedUpdate

AddEventHandlerComponent: PlayMakerCollisionStay

AddEventHandlerComponent: PlayMakerCollisionEnter2D

AddEventHandlerComponent: PlayMakerCollisionStay2D

AddEventHandlerComponent: PlayMakerFixedUpdate

Deferring level start (marked as manual).

Can't remove MeshFilter because tk2dSprite (Script) depends on it

Can't remove MeshRenderer because tk2dSprite (Script) depends on it

Can't destroy Transform component of 'Clash Tink'. If you want to destroy the game object, please call 'Destroy' on the game object instead. Destroying the transform component is not allowed.

Can't remove MeshFilter because tk2dSprite (Script) depends on it

Can't remove MeshRenderer because tk2dSprite (Script) depends on it

Can't destroy Transform component of 'Clash Tink'. If you want to destroy the game object, please call 'Destroy' on the game object instead. Destroying the transform component is not allowed.

Can't remove MeshFilter because tk2dSprite (Script) depends on it

Can't remove MeshRenderer because tk2dSprite (Script) depends on it

Can't destroy Transform component of 'Clash Tink'. If you want to destroy the game object, please call 'Destroy' on the game object instead. Destroying the transform component is not allowed.

AddEventHandlerComponent: PlayMakerFixedUpdate

AddEventHandlerComponent: PlayMakerFixedUpdate

Deferring level start (marked as manual).

AddEventHandlerComponent: PlayMakerFixedUpdate

AddEventHandlerComponent: PlayMakerFixedUpdate

AddEventHandlerComponent: PlayMakerFixedUpdate

AddEventHandlerComponent: PlayMakerFixedUpdate

Deferring level start (marked as manual).

Can't remove MeshFilter because tk2dSprite (Script) depends on it

Can't remove MeshRenderer because tk2dSprite (Script) depends on it

Can't destroy Transform component of 'Clash Tink'. If you want to destroy the game object, please call 'Destroy' on the game object instead. Destroying the transform component is not allowed.

Can't remove MeshFilter because tk2dSprite (Script) depends on it

Can't remove MeshRenderer because tk2dSprite (Script) depends on it

Can't destroy Transform component of 'Clash Tink'. If you want to destroy the game object, please call 'Destroy' on the game object instead. Destroying the transform component is not allowed.

Can't remove MeshFilter because tk2dSprite (Script) depends on it

Can't remove MeshRenderer because tk2dSprite (Script) depends on it

Can't destroy Transform component of 'Clash Tink'. If you want to destroy the game object, please call 'Destroy' on the game object instead. Destroying the transform component is not allowed.

Can't remove MeshFilter because tk2dSprite (Script) depends on it

Can't remove MeshRenderer because tk2dSprite (Script) depends on it

Can't destroy Transform component of 'Clash Tink'. If you want to destroy the game object, please call 'Destroy' on the game object instead. Destroying the transform component is not allowed.

Can't remove MeshFilter because tk2dSprite (Script) depends on it

Can't remove MeshRenderer because tk2dSprite (Script) depends on it

Can't destroy Transform component of 'Clash Tink'. If you want to destroy the game object, please call 'Destroy' on the game object instead. Destroying the transform component is not allowed.

Can't remove MeshFilter because tk2dSprite (Script) depends on it

Can't remove MeshRenderer because tk2dSprite (Script) depends on it

Can't destroy Transform component of 'Clash Tink'. If you want to destroy the game object, please call 'Destroy' on the game object instead. Destroying the transform component is not allowed.

Can't remove MeshFilter because tk2dSprite (Script) depends on it

Can't remove MeshRenderer because tk2dSprite (Script) depends on it

Can't destroy Transform component of 'Clash Tink'. If you want to destroy the game object, please call 'Destroy' on the game object instead. Destroying the transform component is not allowed.

Can't remove MeshFilter because tk2dSprite (Script) depends on it

Can't remove MeshRenderer because tk2dSprite (Script) depends on it

Can't destroy Transform component of 'Clash Tink'. If you want to destroy the game object, please call 'Destroy' on the game object instead. Destroying the transform component is not allowed.

AddEventHandlerComponent: PlayMakerFixedUpdate

Object Pool attached to GlobalPool could not find a copy of Audio Player NoDestroy, Instantiating a new one.

AddEventHandlerComponent: PlayMakerCollisionEnter2D

AddEventHandlerComponent: PlayMakerFixedUpdate

Can't remove MeshFilter because tk2dSprite (Script) depends on it

Can't remove MeshRenderer because tk2dSprite (Script) depends on it

Can't destroy Transform component of 'Clash Tink'. If you want to destroy the game object, please call 'Destroy' on the game object instead. Destroying the transform component is not allowed.

AddEventHandlerComponent: PlayMakerCollisionEnter2D

AddEventHandlerComponent: PlayMakerFixedUpdate

Can't remove MeshFilter because tk2dSprite (Script) depends on it

Can't remove MeshRenderer because tk2dSprite (Script) depends on it

Can't destroy Transform component of 'Clash Tink'. If you want to destroy the game object, please call 'Destroy' on the game object instead. Destroying the transform component is not allowed.

Can't remove MeshFilter because tk2dSprite (Script) depends on it

Can't remove MeshRenderer because tk2dSprite (Script) depends on it

Can't destroy Transform component of 'Clash Tink'. If you want to destroy the game object, please call 'Destroy' on the game object instead. Destroying the transform component is not allowed.

Can't remove MeshFilter because tk2dSprite (Script) depends on it

Can't remove MeshRenderer because tk2dSprite (Script) depends on it

Can't destroy Transform component of 'Clash Tink'. If you want to destroy the game object, please call 'Destroy' on the game object instead. Destroying the transform component is not allowed.

AddEventHandlerComponent: PlayMakerFixedUpdate

AddEventHandlerComponent: PlayMakerFixedUpdate

AddEventHandlerComponent: PlayMakerFixedUpdate

AddEventHandlerComponent: PlayMakerFixedUpdate

AddEventHandlerComponent: PlayMakerFixedUpdate

AddEventHandlerComponent: PlayMakerFixedUpdate

AddEventHandlerComponent: PlayMakerFixedUpdate

AddEventHandlerComponent: PlayMakerCollisionEnter2D

AddEventHandlerComponent: PlayMakerFixedUpdate

AddEventHandlerComponent: PlayMakerFixedUpdate

AddEventHandlerComponent: PlayMakerFixedUpdate

AddEventHandlerComponent: PlayMakerFixedUpdate

AddEventHandlerComponent: PlayMakerFixedUpdate

AddEventHandlerComponent: PlayMakerFixedUpdate

Deferring level start (marked as manual).

Unloading 24 Unused Serialized files (Serialized files now loaded: 4)

Unloading 2212 unused Assets to reduce memory usage. Loaded Objects now: 66940.
Total: 470.556600 ms (FindLiveObjects: 6.908600 ms CreateObjectMapping: 4.408800 ms MarkObjects: 453.086200 ms  DeleteObjects: 6.152400 ms)

Unable to get achievement CHARMED, because GOG is not authenticated.

Unable to push achievement CHARMED, because GOG is not authenticated.

AddEventHandlerComponent: PlayMakerFixedUpdate

AddEventHandlerComponent: PlayMakerFixedUpdate

AddEventHandlerComponent: PlayMakerFixedUpdate

AddEventHandlerComponent: PlayMakerFixedUpdate

Deferring level start (marked as manual).

AddEventHandlerComponent: PlayMakerFixedUpdate

AddEventHandlerComponent: PlayMakerCollisionStay

AddEventHandlerComponent: PlayMakerCollisionEnter2D

AddEventHandlerComponent: PlayMakerCollisionStay2D

AddEventHandlerComponent: PlayMakerFixedUpdate

AddEventHandlerComponent: PlayMakerCollisionStay

AddEventHandlerComponent: PlayMakerCollisionEnter2D

AddEventHandlerComponent: PlayMakerCollisionStay2D

AddEventHandlerComponent: PlayMakerFixedUpdate

AddEventHandlerComponent: PlayMakerCollisionStay

AddEventHandlerComponent: PlayMakerCollisionEnter2D

AddEventHandlerComponent: PlayMakerCollisionStay2D

AddEventHandlerComponent: PlayMakerFixedUpdate

AddEventHandlerComponent: PlayMakerCollisionStay

AddEventHandlerComponent: PlayMakerCollisionEnter2D

AddEventHandlerComponent: PlayMakerCollisionStay2D

AddEventHandlerComponent: PlayMakerFixedUpdate

AddEventHandlerComponent: PlayMakerCollisionStay

AddEventHandlerComponent: PlayMakerCollisionEnter2D

AddEventHandlerComponent: PlayMakerCollisionStay2D

AddEventHandlerComponent: PlayMakerFixedUpdate

AddEventHandlerComponent: PlayMakerCollisionStay

AddEventHandlerComponent: PlayMakerCollisionEnter2D

AddEventHandlerComponent: PlayMakerCollisionStay2D

AddEventHandlerComponent: PlayMakerFixedUpdate

AddEventHandlerComponent: PlayMakerCollisionStay

AddEventHandlerComponent: PlayMakerCollisionEnter2D

AddEventHandlerComponent: PlayMakerCollisionStay2D

AddEventHandlerComponent: PlayMakerFixedUpdate

AddEventHandlerComponent: PlayMakerCollisionStay

AddEventHandlerComponent: PlayMakerCollisionEnter2D

AddEventHandlerComponent: PlayMakerCollisionStay2D

AddEventHandlerComponent: PlayMakerFixedUpdate

AddEventHandlerComponent: PlayMakerCollisionStay

AddEventHandlerComponent: PlayMakerCollisionEnter2D

AddEventHandlerComponent: PlayMakerCollisionStay2D

AddEventHandlerComponent: PlayMakerFixedUpdate

Deferring level start (marked as manual).

AddEventHandlerComponent: PlayMakerFixedUpdate

AddEventHandlerComponent: PlayMakerFixedUpdate

Deferring level start (marked as manual).

AddEventHandlerComponent: PlayMakerFixedUpdate

AddEventHandlerComponent: PlayMakerFixedUpdate

AddEventHandlerComponent: PlayMakerFixedUpdate

AddEventHandlerComponent: PlayMakerFixedUpdate

Deferring level start (marked as manual).

AddEventHandlerComponent: PlayMakerFixedUpdate

PlayOneShot was called with a null AudioClip.

Can't remove MeshFilter because tk2dSprite (Script) depends on it

Can't remove MeshRenderer because tk2dSprite (Script) depends on it

Can't destroy Transform component of 'Clash Tink'. If you want to destroy the game object, please call 'Destroy' on the game object instead. Destroying the transform component is not allowed.

AddEventHandlerComponent: PlayMakerFixedUpdate

Can't remove MeshFilter because tk2dSprite (Script) depends on it

Can't remove MeshRenderer because tk2dSprite (Script) depends on it

Can't destroy Transform component of 'Clash Tink'. If you want to destroy the game object, please call 'Destroy' on the game object instead. Destroying the transform component is not allowed.

AddEventHandlerComponent: PlayMakerFixedUpdate

AddEventHandlerComponent: PlayMakerFixedUpdate

AddEventHandlerComponent: PlayMakerFixedUpdate

AddEventHandlerComponent: PlayMakerFixedUpdate

AddEventHandlerComponent: PlayMakerFixedUpdate

AddEventHandlerComponent: PlayMakerFixedUpdate

Can't remove MeshFilter because tk2dSprite (Script) depends on it

Can't remove MeshRenderer because tk2dSprite (Script) depends on it

Can't destroy Transform component of 'Clash Tink'. If you want to destroy the game object, please call 'Destroy' on the game object instead. Destroying the transform component is not allowed.

Can't remove MeshFilter because tk2dSprite (Script) depends on it

Can't remove MeshRenderer because tk2dSprite (Script) depends on it

Can't destroy Transform component of 'Clash Tink'. If you want to destroy the game object, please call 'Destroy' on the game object instead. Destroying the transform component is not allowed.

Can't remove MeshFilter because tk2dSprite (Script) depends on it

Can't remove MeshRenderer because tk2dSprite (Script) depends on it

Can't destroy Transform component of 'Clash Tink'. If you want to destroy the game object, please call 'Destroy' on the game object instead. Destroying the transform component is not allowed.

Can't remove MeshFilter because tk2dSprite (Script) depends on it

Can't remove MeshRenderer because tk2dSprite (Script) depends on it

Can't destroy Transform component of 'Clash Tink'. If you want to destroy the game object, please call 'Destroy' on the game object instead. Destroying the transform component is not allowed.

Can't remove MeshFilter because tk2dSprite (Script) depends on it

Can't remove MeshRenderer because tk2dSprite (Script) depends on it

Can't destroy Transform component of 'Clash Tink'. If you want to destroy the game object, please call 'Destroy' on the game object instead. Destroying the transform component is not allowed.

Can't remove MeshFilter because tk2dSprite (Script) depends on it

Can't remove MeshRenderer because tk2dSprite (Script) depends on it

Can't destroy Transform component of 'Clash Tink'. If you want to destroy the game object, please call 'Destroy' on the game object instead. Destroying the transform component is not allowed.

Can't remove MeshFilter because tk2dSprite (Script) depends on it

Can't remove MeshRenderer because tk2dSprite (Script) depends on it

Can't destroy Transform component of 'Clash Tink'. If you want to destroy the game object, please call 'Destroy' on the game object instead. Destroying the transform component is not allowed.

Can't remove MeshFilter because tk2dSprite (Script) depends on it

Can't remove MeshRenderer because tk2dSprite (Script) depends on it

Can't destroy Transform component of 'Clash Tink'. If you want to destroy the game object, please call 'Destroy' on the game object instead. Destroying the transform component is not allowed.

Can't remove MeshFilter because tk2dSprite (Script) depends on it

Can't remove MeshRenderer because tk2dSprite (Script) depends on it

Can't destroy Transform component of 'Clash Tink'. If you want to destroy the game object, please call 'Destroy' on the game object instead. Destroying the transform component is not allowed.

Can't remove MeshFilter because tk2dSprite (Script) depends on it

Can't remove MeshRenderer because tk2dSprite (Script) depends on it

Can't destroy Transform component of 'Clash Tink'. If you want to destroy the game object, please call 'Destroy' on the game object instead. Destroying the transform component is not allowed.

Can't remove MeshFilter because tk2dSprite (Script) depends on it

Can't remove MeshRenderer because tk2dSprite (Script) depends on it

Can't destroy Transform component of 'Clash Tink'. If you want to destroy the game object, please call 'Destroy' on the game object instead. Destroying the transform component is not allowed.

Can't remove MeshFilter because tk2dSprite (Script) depends on it

Can't remove MeshRenderer because tk2dSprite (Script) depends on it

Can't destroy Transform component of 'Clash Tink'. If you want to destroy the game object, please call 'Destroy' on the game object instead. Destroying the transform component is not allowed.

Can't remove MeshFilter because tk2dSprite (Script) depends on it

Can't remove MeshRenderer because tk2dSprite (Script) depends on it

Can't destroy Transform component of 'Clash Tink'. If you want to destroy the game object, please call 'Destroy' on the game object instead. Destroying the transform component is not allowed.

Can't remove MeshFilter because tk2dSprite (Script) depends on it

Can't remove MeshRenderer because tk2dSprite (Script) depends on it

Can't destroy Transform component of 'Clash Tink'. If you want to destroy the game object, please call 'Destroy' on the game object instead. Destroying the transform component is not allowed.

AddEventHandlerComponent: PlayMakerFixedUpdate

Deferring level start (marked as manual).

Unable to get achievement CHARMED, because GOG is not authenticated.

Unable to push achievement CHARMED, because GOG is not authenticated.

Can't remove MeshFilter because tk2dSprite (Script) depends on it

Can't remove MeshRenderer because tk2dSprite (Script) depends on it

Can't destroy Transform component of 'Clash Tink'. If you want to destroy the game object, please call 'Destroy' on the game object instead. Destroying the transform component is not allowed.

Can't remove MeshFilter because tk2dSprite (Script) depends on it

Can't remove MeshRenderer because tk2dSprite (Script) depends on it

Can't destroy Transform component of 'Clash Tink'. If you want to destroy the game object, please call 'Destroy' on the game object instead. Destroying the transform component is not allowed.

Can't remove MeshFilter because tk2dSprite (Script) depends on it

Can't remove MeshRenderer because tk2dSprite (Script) depends on it

Can't destroy Transform component of 'Clash Tink'. If you want to destroy the game object, please call 'Destroy' on the game object instead. Destroying the transform component is not allowed.

Can't remove MeshFilter because tk2dSprite (Script) depends on it

Can't remove MeshRenderer because tk2dSprite (Script) depends on it

Can't destroy Transform component of 'Clash Tink'. If you want to destroy the game object, please call 'Destroy' on the game object instead. Destroying the transform component is not allowed.

AddEventHandlerComponent: PlayMakerFixedUpdate

AddEventHandlerComponent: PlayMakerFixedUpdate

AddEventHandlerComponent: PlayMakerFixedUpdate

AddEventHandlerComponent: PlayMakerFixedUpdate

Deferring level start (marked as manual).

Can't remove MeshFilter because tk2dSprite (Script) depends on it

Can't remove MeshRenderer because tk2dSprite (Script) depends on it

Can't destroy Transform component of 'Clash Tink'. If you want to destroy the game object, please call 'Destroy' on the game object instead. Destroying the transform component is not allowed.

Can't remove MeshFilter because tk2dSprite (Script) depends on it

Can't remove MeshRenderer because tk2dSprite (Script) depends on it

Can't destroy Transform component of 'Clash Tink'. If you want to destroy the game object, please call 'Destroy' on the game object instead. Destroying the transform component is not allowed.

Can't remove MeshFilter because tk2dSprite (Script) depends on it

Can't remove MeshRenderer because tk2dSprite (Script) depends on it

Can't destroy Transform component of 'Clash Tink'. If you want to destroy the game object, please call 'Destroy' on the game object instead. Destroying the transform component is not allowed.

Can't remove MeshFilter because tk2dSprite (Script) depends on it

Can't remove MeshRenderer because tk2dSprite (Script) depends on it

Can't destroy Transform component of 'Clash Tink'. If you want to destroy the game object, please call 'Destroy' on the game object instead. Destroying the transform component is not allowed.

Can't remove MeshFilter because tk2dSprite (Script) depends on it

Can't remove MeshRenderer because tk2dSprite (Script) depends on it

Can't destroy Transform component of 'Clash Tink'. If you want to destroy the game object, please call 'Destroy' on the game object instead. Destroying the transform component is not allowed.

Can't remove MeshFilter because tk2dSprite (Script) depends on it

Can't remove MeshRenderer because tk2dSprite (Script) depends on it

Can't destroy Transform component of 'Clash Tink'. If you want to destroy the game object, please call 'Destroy' on the game object instead. Destroying the transform component is not allowed.

AddEventHandlerComponent: PlayMakerFixedUpdate

Deferring level start (marked as manual).

AddEventHandlerComponent: PlayMakerFixedUpdate

AddEventHandlerComponent: PlayMakerFixedUpdate

AddEventHandlerComponent: PlayMakerFixedUpdate

AddEventHandlerComponent: PlayMakerFixedUpdate

Deferring level start (marked as manual).

AddEventHandlerComponent: PlayMakerFixedUpdate

AddEventHandlerComponent: PlayMakerFixedUpdate

AddEventHandlerComponent: PlayMakerFixedUpdate

AddEventHandlerComponent: PlayMakerFixedUpdate

Deferring level start (marked as manual).

Subscribing to controller detection.

Unsubscribing from controller detection.

SaveSettings - ControllerXBOX_ONE Saved ({"gamepadType":2,"jump":19,"attack":21,"dash":16,"cast":20,"superDash":15,"dreamNail":22,"quickMap":17,"quickCast":18})

Can't remove MeshFilter because tk2dSprite (Script) depends on it

Can't remove MeshRenderer because tk2dSprite (Script) depends on it

Can't destroy Transform component of 'Clash Tink'. If you want to destroy the game object, please call 'Destroy' on the game object instead. Destroying the transform component is not allowed.

Can't remove MeshFilter because tk2dSprite (Script) depends on it

Can't remove MeshRenderer because tk2dSprite (Script) depends on it

Can't destroy Transform component of 'Clash Tink'. If you want to destroy the game object, please call 'Destroy' on the game object instead. Destroying the transform component is not allowed.

Can't remove MeshFilter because tk2dSprite (Script) depends on it

Can't remove MeshRenderer because tk2dSprite (Script) depends on it

Can't destroy Transform component of 'Clash Tink'. If you want to destroy the game object, please call 'Destroy' on the game object instead. Destroying the transform component is not allowed.

Can't remove MeshFilter because tk2dSprite (Script) depends on it

Can't remove MeshRenderer because tk2dSprite (Script) depends on it

Can't destroy Transform component of 'Clash Tink'. If you want to destroy the game object, please call 'Destroy' on the game object instead. Destroying the transform component is not allowed.

Can't remove MeshFilter because tk2dSprite (Script) depends on it

Can't remove MeshRenderer because tk2dSprite (Script) depends on it

Can't destroy Transform component of 'Clash Tink'. If you want to destroy the game object, please call 'Destroy' on the game object instead. Destroying the transform component is not allowed.

Can't remove MeshFilter because tk2dSprite (Script) depends on it

Can't remove MeshRenderer because tk2dSprite (Script) depends on it

Can't destroy Transform component of 'Clash Tink'. If you want to destroy the game object, please call 'Destroy' on the game object instead. Destroying the transform component is not allowed.

Object Pool attached to GlobalPool has run out of Knight Spike Death prefabs, Instantiating an additional one.

AddEventHandlerComponent: PlayMakerFixedUpdate

Can't remove MeshFilter because tk2dSprite (Script) depends on it

Can't remove MeshRenderer because tk2dSprite (Script) depends on it

Can't destroy Transform component of 'Clash Tink'. If you want to destroy the game object, please call 'Destroy' on the game object instead. Destroying the transform component is not allowed.

Can't remove MeshFilter because tk2dSprite (Script) depends on it

Can't remove MeshRenderer because tk2dSprite (Script) depends on it

Can't destroy Transform component of 'Clash Tink'. If you want to destroy the game object, please call 'Destroy' on the game object instead. Destroying the transform component is not allowed.

Object Pool attached to GlobalPool has run out of Knight Spike Death prefabs, Instantiating an additional one.

AddEventHandlerComponent: PlayMakerFixedUpdate

Can't remove MeshFilter because tk2dSprite (Script) depends on it

Can't remove MeshRenderer because tk2dSprite (Script) depends on it

Can't destroy Transform component of 'Clash Tink'. If you want to destroy the game object, please call 'Destroy' on the game object instead. Destroying the transform component is not allowed.

Can't remove MeshFilter because tk2dSprite (Script) depends on it

Can't remove MeshRenderer because tk2dSprite (Script) depends on it

Can't destroy Transform component of 'Clash Tink'. If you want to destroy the game object, please call 'Destroy' on the game object instead. Destroying the transform component is not allowed.

Can't remove MeshFilter because tk2dSprite (Script) depends on it

Can't remove MeshRenderer because tk2dSprite (Script) depends on it

Can't destroy Transform component of 'Clash Tink'. If you want to destroy the game object, please call 'Destroy' on the game object instead. Destroying the transform component is not allowed.

Can't remove MeshFilter because tk2dSprite (Script) depends on it

Can't remove MeshRenderer because tk2dSprite (Script) depends on it

Can't destroy Transform component of 'Clash Tink'. If you want to destroy the game object, please call 'Destroy' on the game object instead. Destroying the transform component is not allowed.

Can't remove MeshFilter because tk2dSprite (Script) depends on it

Can't remove MeshRenderer because tk2dSprite (Script) depends on it

Can't destroy Transform component of 'Clash Tink'. If you want to destroy the game object, please call 'Destroy' on the game object instead. Destroying the transform component is not allowed.

Can't remove MeshFilter because tk2dSprite (Script) depends on it

Can't remove MeshRenderer because tk2dSprite (Script) depends on it

Can't destroy Transform component of 'Clash Tink'. If you want to destroy the game object, please call 'Destroy' on the game object instead. Destroying the transform component is not allowed.

Can't remove MeshFilter because tk2dSprite (Script) depends on it

Can't remove MeshRenderer because tk2dSprite (Script) depends on it

Can't destroy Transform component of 'Clash Tink'. If you want to destroy the game object, please call 'Destroy' on the game object instead. Destroying the transform component is not allowed.

Can't remove MeshFilter because tk2dSprite (Script) depends on it

Can't remove MeshRenderer because tk2dSprite (Script) depends on it

Can't destroy Transform component of 'Clash Tink'. If you want to destroy the game object, please call 'Destroy' on the game object instead. Destroying the transform component is not allowed.

Can't remove MeshFilter because tk2dSprite (Script) depends on it

Can't remove MeshRenderer because tk2dSprite (Script) depends on it

Can't destroy Transform component of 'Clash Tink'. If you want to destroy the game object, please call 'Destroy' on the game object instead. Destroying the transform component is not allowed.

Can't remove MeshFilter because tk2dSprite (Script) depends on it

Can't remove MeshRenderer because tk2dSprite (Script) depends on it

Can't destroy Transform component of 'Clash Tink'. If you want to destroy the game object, please call 'Destroy' on the game object instead. Destroying the transform component is not allowed.

Can't remove MeshFilter because tk2dSprite (Script) depends on it

Can't remove MeshRenderer because tk2dSprite (Script) depends on it

Can't destroy Transform component of 'Clash Tink'. If you want to destroy the game object, please call 'Destroy' on the game object instead. Destroying the transform component is not allowed.

Can't remove MeshFilter because tk2dSprite (Script) depends on it

Can't remove MeshRenderer because tk2dSprite (Script) depends on it

Can't destroy Transform component of 'Clash Tink'. If you want to destroy the game object, please call 'Destroy' on the game object instead. Destroying the transform component is not allowed.

Can't remove MeshFilter because tk2dSprite (Script) depends on it

Can't remove MeshRenderer because tk2dSprite (Script) depends on it

Can't destroy Transform component of 'Clash Tink'. If you want to destroy the game object, please call 'Destroy' on the game object instead. Destroying the transform component is not allowed.

Can't remove MeshFilter because tk2dSprite (Script) depends on it

Can't remove MeshRenderer because tk2dSprite (Script) depends on it

Can't destroy Transform component of 'Clash Tink'. If you want to destroy the game object, please call 'Destroy' on the game object instead. Destroying the transform component is not allowed.

Can't remove MeshFilter because tk2dSprite (Script) depends on it

Can't remove MeshRenderer because tk2dSprite (Script) depends on it

Can't destroy Transform component of 'Clash Tink'. If you want to destroy the game object, please call 'Destroy' on the game object instead. Destroying the transform component is not allowed.

Can't remove MeshFilter because tk2dSprite (Script) depends on it

Can't remove MeshRenderer because tk2dSprite (Script) depends on it

Can't destroy Transform component of 'Clash Tink'. If you want to destroy the game object, please call 'Destroy' on the game object instead. Destroying the transform component is not allowed.

Can't remove MeshFilter because tk2dSprite (Script) depends on it

Can't remove MeshRenderer because tk2dSprite (Script) depends on it

Can't destroy Transform component of 'Clash Tink'. If you want to destroy the game object, please call 'Destroy' on the game object instead. Destroying the transform component is not allowed.

Can't remove MeshFilter because tk2dSprite (Script) depends on it

Can't remove MeshRenderer because tk2dSprite (Script) depends on it

Can't destroy Transform component of 'Clash Tink'. If you want to destroy the game object, please call 'Destroy' on the game object instead. Destroying the transform component is not allowed.

Can't remove MeshFilter because tk2dSprite (Script) depends on it

Can't remove MeshRenderer because tk2dSprite (Script) depends on it

Can't destroy Transform component of 'Clash Tink'. If you want to destroy the game object, please call 'Destroy' on the game object instead. Destroying the transform component is not allowed.

Can't remove MeshFilter because tk2dSprite (Script) depends on it

Can't remove MeshRenderer because tk2dSprite (Script) depends on it

Can't destroy Transform component of 'Clash Tink'. If you want to destroy the game object, please call 'Destroy' on the game object instead. Destroying the transform component is not allowed.

Can't remove MeshFilter because tk2dSprite (Script) depends on it

Can't remove MeshRenderer because tk2dSprite (Script) depends on it

Can't destroy Transform component of 'Clash Tink'. If you want to destroy the game object, please call 'Destroy' on the game object instead. Destroying the transform component is not allowed.

Can't remove MeshFilter because tk2dSprite (Script) depends on it

Can't remove MeshRenderer because tk2dSprite (Script) depends on it

Can't destroy Transform component of 'Clash Tink'. If you want to destroy the game object, please call 'Destroy' on the game object instead. Destroying the transform component is not allowed.

Can't remove MeshFilter because tk2dSprite (Script) depends on it

Can't remove MeshRenderer because tk2dSprite (Script) depends on it

Can't destroy Transform component of 'Clash Tink'. If you want to destroy the game object, please call 'Destroy' on the game object instead. Destroying the transform component is not allowed.

Can't remove MeshFilter because tk2dSprite (Script) depends on it

Can't remove MeshRenderer because tk2dSprite (Script) depends on it

Can't destroy Transform component of 'Clash Tink'. If you want to destroy the game object, please call 'Destroy' on the game object instead. Destroying the transform component is not allowed.

Can't remove MeshFilter because tk2dSprite (Script) depends on it

Can't remove MeshRenderer because tk2dSprite (Script) depends on it

Can't destroy Transform component of 'Clash Tink'. If you want to destroy the game object, please call 'Destroy' on the game object instead. Destroying the transform component is not allowed.

Can't remove MeshFilter because tk2dSprite (Script) depends on it

Can't remove MeshRenderer because tk2dSprite (Script) depends on it

Can't destroy Transform component of 'Clash Tink'. If you want to destroy the game object, please call 'Destroy' on the game object instead. Destroying the transform component is not allowed.

Can't remove MeshFilter because tk2dSprite (Script) depends on it

Can't remove MeshRenderer because tk2dSprite (Script) depends on it

Can't destroy Transform component of 'Clash Tink'. If you want to destroy the game object, please call 'Destroy' on the game object instead. Destroying the transform component is not allowed.

Can't remove MeshFilter because tk2dSprite (Script) depends on it

Can't remove MeshRenderer because tk2dSprite (Script) depends on it

Can't destroy Transform component of 'Clash Tink'. If you want to destroy the game object, please call 'Destroy' on the game object instead. Destroying the transform component is not allowed.

Can't remove MeshFilter because tk2dSprite (Script) depends on it

Can't remove MeshRenderer because tk2dSprite (Script) depends on it

Can't destroy Transform component of 'Clash Tink'. If you want to destroy the game object, please call 'Destroy' on the game object instead. Destroying the transform component is not allowed.

Can't remove MeshFilter because tk2dSprite (Script) depends on it

Can't remove MeshRenderer because tk2dSprite (Script) depends on it

Can't destroy Transform component of 'Clash Tink'. If you want to destroy the game object, please call 'Destroy' on the game object instead. Destroying the transform component is not allowed.

Can't remove MeshFilter because tk2dSprite (Script) depends on it

Can't remove MeshRenderer because tk2dSprite (Script) depends on it

Can't destroy Transform component of 'Clash Tink'. If you want to destroy the game object, please call 'Destroy' on the game object instead. Destroying the transform component is not allowed.

AddEventHandlerComponent: PlayMakerFixedUpdate

AddEventHandlerComponent: PlayMakerFixedUpdate

AddEventHandlerComponent: PlayMakerFixedUpdate

AddEventHandlerComponent: PlayMakerFixedUpdate

AddEventHandlerComponent: PlayMakerFixedUpdate

AddEventHandlerComponent: PlayMakerFixedUpdate

AddEventHandlerComponent: PlayMakerFixedUpdate

AddEventHandlerComponent: PlayMakerFixedUpdate

Deferring level start (marked as manual).

Can't remove MeshFilter because tk2dSprite (Script) depends on it

Can't remove MeshRenderer because tk2dSprite (Script) depends on it

Can't destroy Transform component of 'Clash Tink'. If you want to destroy the game object, please call 'Destroy' on the game object instead. Destroying the transform component is not allowed.

Can't remove MeshFilter because tk2dSprite (Script) depends on it

Can't remove MeshRenderer because tk2dSprite (Script) depends on it

Can't destroy Transform component of 'Clash Tink'. If you want to destroy the game object, please call 'Destroy' on the game object instead. Destroying the transform component is not allowed.

Can't remove MeshFilter because tk2dSprite (Script) depends on it

Can't remove MeshRenderer because tk2dSprite (Script) depends on it

Can't destroy Transform component of 'Clash Tink'. If you want to destroy the game object, please call 'Destroy' on the game object instead. Destroying the transform component is not allowed.

Can't remove MeshFilter because tk2dSprite (Script) depends on it

Can't remove MeshRenderer because tk2dSprite (Script) depends on it

Can't destroy Transform component of 'Clash Tink'. If you want to destroy the game object, please call 'Destroy' on the game object instead. Destroying the transform component is not allowed.

Can't remove MeshFilter because tk2dSprite (Script) depends on it

Can't remove MeshRenderer because tk2dSprite (Script) depends on it

Can't destroy Transform component of 'Clash Tink'. If you want to destroy the game object, please call 'Destroy' on the game object instead. Destroying the transform component is not allowed.

Can't remove MeshFilter because tk2dSprite (Script) depends on it

Can't remove MeshRenderer because tk2dSprite (Script) depends on it

Can't destroy Transform component of 'Clash Tink'. If you want to destroy the game object, please call 'Destroy' on the game object instead. Destroying the transform component is not allowed.

Can't remove MeshFilter because tk2dSprite (Script) depends on it

Can't remove MeshRenderer because tk2dSprite (Script) depends on it

Can't destroy Transform component of 'Clash Tink'. If you want to destroy the game object, please call 'Destroy' on the game object instead. Destroying the transform component is not allowed.

Can't remove MeshFilter because tk2dSprite (Script) depends on it

Can't remove MeshRenderer because tk2dSprite (Script) depends on it

Can't destroy Transform component of 'Clash Tink'. If you want to destroy the game object, please call 'Destroy' on the game object instead. Destroying the transform component is not allowed.

Can't remove MeshFilter because tk2dSprite (Script) depends on it

Can't remove MeshRenderer because tk2dSprite (Script) depends on it

Can't destroy Transform component of 'Clash Tink'. If you want to destroy the game object, please call 'Destroy' on the game object instead. Destroying the transform component is not allowed.

Can't remove MeshFilter because tk2dSprite (Script) depends on it

Can't remove MeshRenderer because tk2dSprite (Script) depends on it

Can't destroy Transform component of 'Clash Tink'. If you want to destroy the game object, please call 'Destroy' on the game object instead. Destroying the transform component is not allowed.

Can't remove MeshFilter because tk2dSprite (Script) depends on it

Can't remove MeshRenderer because tk2dSprite (Script) depends on it

Can't destroy Transform component of 'Clash Tink'. If you want to destroy the game object, please call 'Destroy' on the game object instead. Destroying the transform component is not allowed.

Can't remove MeshFilter because tk2dSprite (Script) depends on it

Can't remove MeshRenderer because tk2dSprite (Script) depends on it

Can't destroy Transform component of 'Clash Tink'. If you want to destroy the game object, please call 'Destroy' on the game object instead. Destroying the transform component is not allowed.

AddEventHandlerComponent: PlayMakerFixedUpdate

AddEventHandlerComponent: PlayMakerFixedUpdate

AddEventHandlerComponent: PlayMakerFixedUpdate

AddEventHandlerComponent: PlayMakerFixedUpdate

AddEventHandlerComponent: PlayMakerFixedUpdate

AddEventHandlerComponent: PlayMakerFixedUpdate

AddEventHandlerComponent: PlayMakerFixedUpdate

AddEventHandlerComponent: PlayMakerFixedUpdate

AddEventHandlerComponent: PlayMakerFixedUpdate

AddEventHandlerComponent: PlayMakerFixedUpdate

AddEventHandlerComponent: PlayMakerFixedUpdate

AddEventHandlerComponent: PlayMakerFixedUpdate

AddEventHandlerComponent: PlayMakerFixedUpdate

AddEventHandlerComponent: PlayMakerFixedUpdate

AddEventHandlerComponent: PlayMakerFixedUpdate

AddEventHandlerComponent: PlayMakerFixedUpdate

AddEventHandlerComponent: PlayMakerFixedUpdate

AddEventHandlerComponent: PlayMakerFixedUpdate

AddEventHandlerComponent: PlayMakerFixedUpdate

AddEventHandlerComponent: PlayMakerFixedUpdate

AddEventHandlerComponent: PlayMakerFixedUpdate

AddEventHandlerComponent: PlayMakerFixedUpdate

AddEventHandlerComponent: PlayMakerFixedUpdate

AddEventHandlerComponent: PlayMakerFixedUpdate

AddEventHandlerComponent: PlayMakerFixedUpdate

AddEventHandlerComponent: PlayMakerFixedUpdate

AddEventHandlerComponent: PlayMakerFixedUpdate

AddEventHandlerComponent: PlayMakerFixedUpdate

AddEventHandlerComponent: PlayMakerFixedUpdate

AddEventHandlerComponent: PlayMakerFixedUpdate

AddEventHandlerComponent: PlayMakerFixedUpdate

AddEventHandlerComponent: PlayMakerFixedUpdate

AddEventHandlerComponent: PlayMakerFixedUpdate

AddEventHandlerComponent: PlayMakerFixedUpdate

AddEventHandlerComponent: PlayMakerFixedUpdate

Deferring level start (marked as manual).

AddEventHandlerComponent: PlayMakerFixedUpdate

AddEventHandlerComponent: PlayMakerFixedUpdate

AddEventHandlerComponent: PlayMakerFixedUpdate

AddEventHandlerComponent: PlayMakerFixedUpdate

AddEventHandlerComponent: PlayMakerFixedUpdate

AddEventHandlerComponent: PlayMakerFixedUpdate

AddEventHandlerComponent: PlayMakerFixedUpdate

AddEventHandlerComponent: PlayMakerFixedUpdate

AddEventHandlerComponent: PlayMakerFixedUpdate

Deferring level start (marked as manual).

AddEventHandlerComponent: PlayMakerFixedUpdate

AddEventHandlerComponent: PlayMakerFixedUpdate

AddEventHandlerComponent: PlayMakerFixedUpdate

AddEventHandlerComponent: PlayMakerFixedUpdate

AddEventHandlerComponent: PlayMakerFixedUpdate

Deferring level start (marked as manual).

Can't remove MeshFilter because tk2dSprite (Script) depends on it

Can't remove MeshRenderer because tk2dSprite (Script) depends on it

Can't destroy Transform component of 'Clash Tink'. If you want to destroy the game object, please call 'Destroy' on the game object instead. Destroying the transform component is not allowed.

Can't remove MeshFilter because tk2dSprite (Script) depends on it

Can't remove MeshRenderer because tk2dSprite (Script) depends on it

Can't destroy Transform component of 'Clash Tink'. If you want to destroy the game object, please call 'Destroy' on the game object instead. Destroying the transform component is not allowed.

Unable to get achievement CHARMED, because GOG is not authenticated.

Unable to push achievement CHARMED, because GOG is not authenticated.

Unable to get achievement CHARMED, because GOG is not authenticated.

Unable to push achievement CHARMED, because GOG is not authenticated.

AddEventHandlerComponent: PlayMakerFixedUpdate

AddEventHandlerComponent: PlayMakerFixedUpdate

AddEventHandlerComponent: PlayMakerFixedUpdate

AddEventHandlerComponent: PlayMakerFixedUpdate

AddEventHandlerComponent: PlayMakerFixedUpdate

AddEventHandlerComponent: PlayMakerFixedUpdate

AddEventHandlerComponent: PlayMakerFixedUpdate

AddEventHandlerComponent: PlayMakerFixedUpdate

AddEventHandlerComponent: PlayMakerFixedUpdate

Deferring level start (marked as manual).

AddEventHandlerComponent: PlayMakerFixedUpdate

AddEventHandlerComponent: PlayMakerFixedUpdate

AddEventHandlerComponent: PlayMakerFixedUpdate

AddEventHandlerComponent: PlayMakerFixedUpdate

AddEventHandlerComponent: PlayMakerFixedUpdate

Deferring level start (marked as manual).

Can't remove MeshFilter because tk2dSprite (Script) depends on it

Can't remove MeshRenderer because tk2dSprite (Script) depends on it

Can't destroy Transform component of 'Clash Tink'. If you want to destroy the game object, please call 'Destroy' on the game object instead. Destroying the transform component is not allowed.

Can't remove MeshFilter because tk2dSprite (Script) depends on it

Can't remove MeshRenderer because tk2dSprite (Script) depends on it

Can't destroy Transform component of 'Clash Tink'. If you want to destroy the game object, please call 'Destroy' on the game object instead. Destroying the transform component is not allowed.

Can't remove MeshFilter because tk2dSprite (Script) depends on it

Can't remove MeshRenderer because tk2dSprite (Script) depends on it

Can't destroy Transform component of 'Clash Tink'. If you want to destroy the game object, please call 'Destroy' on the game object instead. Destroying the transform component is not allowed.

AddEventHandlerComponent: PlayMakerFixedUpdate

AddEventHandlerComponent: PlayMakerFixedUpdate

AddEventHandlerComponent: PlayMakerFixedUpdate

AddEventHandlerComponent: PlayMakerFixedUpdate

AddEventHandlerComponent: PlayMakerFixedUpdate

AddEventHandlerComponent: PlayMakerFixedUpdate

AddEventHandlerComponent: PlayMakerFixedUpdate

AddEventHandlerComponent: PlayMakerFixedUpdate

AddEventHandlerComponent: PlayMakerFixedUpdate

Deferring level start (marked as manual).

Can't remove MeshFilter because tk2dSprite (Script) depends on it

Can't remove MeshRenderer because tk2dSprite (Script) depends on it

Can't destroy Transform component of 'Clash Tink'. If you want to destroy the game object, please call 'Destroy' on the game object instead. Destroying the transform component is not allowed.

Can't remove MeshFilter because tk2dSprite (Script) depends on it

Can't remove MeshRenderer because tk2dSprite (Script) depends on it

Can't destroy Transform component of 'Clash Tink'. If you want to destroy the game object, please call 'Destroy' on the game object instead. Destroying the transform component is not allowed.

Can't remove MeshFilter because tk2dSprite (Script) depends on it

Can't remove MeshRenderer because tk2dSprite (Script) depends on it

Can't destroy Transform component of 'Clash Tink'. If you want to destroy the game object, please call 'Destroy' on the game object instead. Destroying the transform component is not allowed.

Can't remove MeshFilter because tk2dSprite (Script) depends on it

Can't remove MeshRenderer because tk2dSprite (Script) depends on it

Can't destroy Transform component of 'Clash Tink'. If you want to destroy the game object, please call 'Destroy' on the game object instead. Destroying the transform component is not allowed.

Can't remove MeshFilter because tk2dSprite (Script) depends on it

Can't remove MeshRenderer because tk2dSprite (Script) depends on it

Can't destroy Transform component of 'Clash Tink'. If you want to destroy the game object, please call 'Destroy' on the game object instead. Destroying the transform component is not allowed.

Can't remove MeshFilter because tk2dSprite (Script) depends on it

Can't remove MeshRenderer because tk2dSprite (Script) depends on it

Can't destroy Transform component of 'Clash Tink'. If you want to destroy the game object, please call 'Destroy' on the game object instead. Destroying the transform component is not allowed.

Can't remove MeshFilter because tk2dSprite (Script) depends on it

Can't remove MeshRenderer because tk2dSprite (Script) depends on it

Can't destroy Transform component of 'Clash Tink'. If you want to destroy the game object, please call 'Destroy' on the game object instead. Destroying the transform component is not allowed.

Can't remove MeshFilter because tk2dSprite (Script) depends on it

Can't remove MeshRenderer because tk2dSprite (Script) depends on it

Can't destroy Transform component of 'Clash Tink'. If you want to destroy the game object, please call 'Destroy' on the game object instead. Destroying the transform component is not allowed.

Can't remove MeshFilter because tk2dSprite (Script) depends on it

Can't remove MeshRenderer because tk2dSprite (Script) depends on it

Can't destroy Transform component of 'Clash Tink'. If you want to destroy the game object, please call 'Destroy' on the game object instead. Destroying the transform component is not allowed.

Can't remove MeshFilter because tk2dSprite (Script) depends on it

Can't remove MeshRenderer because tk2dSprite (Script) depends on it

Can't destroy Transform component of 'Clash Tink'. If you want to destroy the game object, please call 'Destroy' on the game object instead. Destroying the transform component is not allowed.

Can't remove MeshFilter because tk2dSprite (Script) depends on it

Can't remove MeshRenderer because tk2dSprite (Script) depends on it

Can't destroy Transform component of 'Clash Tink'. If you want to destroy the game object, please call 'Destroy' on the game object instead. Destroying the transform component is not allowed.

Can't remove MeshFilter because tk2dSprite (Script) depends on it

Can't remove MeshRenderer because tk2dSprite (Script) depends on it

Can't destroy Transform component of 'Clash Tink'. If you want to destroy the game object, please call 'Destroy' on the game object instead. Destroying the transform component is not allowed.

Can't remove MeshFilter because tk2dSprite (Script) depends on it

Can't remove MeshRenderer because tk2dSprite (Script) depends on it

Can't destroy Transform component of 'Clash Tink'. If you want to destroy the game object, please call 'Destroy' on the game object instead. Destroying the transform component is not allowed.

Can't remove MeshFilter because tk2dSprite (Script) depends on it

Can't remove MeshRenderer because tk2dSprite (Script) depends on it

Can't destroy Transform component of 'Clash Tink'. If you want to destroy the game object, please call 'Destroy' on the game object instead. Destroying the transform component is not allowed.

Can't remove MeshFilter because tk2dSprite (Script) depends on it

Can't remove MeshRenderer because tk2dSprite (Script) depends on it

Can't destroy Transform component of 'Clash Tink'. If you want to destroy the game object, please call 'Destroy' on the game object instead. Destroying the transform component is not allowed.

Can't remove MeshFilter because tk2dSprite (Script) depends on it

Can't remove MeshRenderer because tk2dSprite (Script) depends on it

Can't destroy Transform component of 'Clash Tink'. If you want to destroy the game object, please call 'Destroy' on the game object instead. Destroying the transform component is not allowed.

Can't remove MeshFilter because tk2dSprite (Script) depends on it

Can't remove MeshRenderer because tk2dSprite (Script) depends on it

Can't destroy Transform component of 'Clash Tink'. If you want to destroy the game object, please call 'Destroy' on the game object instead. Destroying the transform component is not allowed.

Can't remove MeshFilter because tk2dSprite (Script) depends on it

Can't remove MeshRenderer because tk2dSprite (Script) depends on it

Can't destroy Transform component of 'Clash Tink'. If you want to destroy the game object, please call 'Destroy' on the game object instead. Destroying the transform component is not allowed.

Can't remove MeshFilter because tk2dSprite (Script) depends on it

Can't remove MeshRenderer because tk2dSprite (Script) depends on it

Can't destroy Transform component of 'Clash Tink'. If you want to destroy the game object, please call 'Destroy' on the game object instead. Destroying the transform component is not allowed.

Can't remove MeshFilter because tk2dSprite (Script) depends on it

Can't remove MeshRenderer because tk2dSprite (Script) depends on it

Can't destroy Transform component of 'Clash Tink'. If you want to destroy the game object, please call 'Destroy' on the game object instead. Destroying the transform component is not allowed.

Can't remove MeshFilter because tk2dSprite (Script) depends on it

Can't remove MeshRenderer because tk2dSprite (Script) depends on it

Can't destroy Transform component of 'Clash Tink'. If you want to destroy the game object, please call 'Destroy' on the game object instead. Destroying the transform component is not allowed.

Can't remove MeshFilter because tk2dSprite (Script) depends on it

Can't remove MeshRenderer because tk2dSprite (Script) depends on it

Can't destroy Transform component of 'Clash Tink'. If you want to destroy the game object, please call 'Destroy' on the game object instead. Destroying the transform component is not allowed.

AddEventHandlerComponent: PlayMakerFixedUpdate

AddEventHandlerComponent: PlayMakerFixedUpdate

AddEventHandlerComponent: PlayMakerFixedUpdate

AddEventHandlerComponent: PlayMakerFixedUpdate

AddEventHandlerComponent: PlayMakerFixedUpdate

AddEventHandlerComponent: PlayMakerFixedUpdate

Deferring level start (marked as manual).

AddEventHandlerComponent: PlayMakerFixedUpdate

Can't remove MeshFilter because tk2dSprite (Script) depends on it

Can't remove MeshRenderer because tk2dSprite (Script) depends on it

Can't destroy Transform component of 'Clash Tink'. If you want to destroy the game object, please call 'Destroy' on the game object instead. Destroying the transform component is not allowed.

Can't remove MeshFilter because tk2dSprite (Script) depends on it

Can't remove MeshRenderer because tk2dSprite (Script) depends on it

Can't destroy Transform component of 'Clash Tink'. If you want to destroy the game object, please call 'Destroy' on the game object instead. Destroying the transform component is not allowed.

Can't remove MeshFilter because tk2dSprite (Script) depends on it

Can't remove MeshRenderer because tk2dSprite (Script) depends on it

Can't destroy Transform component of 'Clash Tink'. If you want to destroy the game object, please call 'Destroy' on the game object instead. Destroying the transform component is not allowed.

Can't remove MeshFilter because tk2dSprite (Script) depends on it

Can't remove MeshRenderer because tk2dSprite (Script) depends on it

Can't destroy Transform component of 'Clash Tink'. If you want to destroy the game object, please call 'Destroy' on the game object instead. Destroying the transform component is not allowed.

Can't remove MeshFilter because tk2dSprite (Script) depends on it

Can't remove MeshRenderer because tk2dSprite (Script) depends on it

Can't destroy Transform component of 'Clash Tink'. If you want to destroy the game object, please call 'Destroy' on the game object instead. Destroying the transform component is not allowed.

Can't remove MeshFilter because tk2dSprite (Script) depends on it

Can't remove MeshRenderer because tk2dSprite (Script) depends on it

Can't destroy Transform component of 'Clash Tink'. If you want to destroy the game object, please call 'Destroy' on the game object instead. Destroying the transform component is not allowed.

Can't remove MeshFilter because tk2dSprite (Script) depends on it

Can't remove MeshRenderer because tk2dSprite (Script) depends on it

Can't destroy Transform component of 'Clash Tink'. If you want to destroy the game object, please call 'Destroy' on the game object instead. Destroying the transform component is not allowed.

Can't remove MeshFilter because tk2dSprite (Script) depends on it

Can't remove MeshRenderer because tk2dSprite (Script) depends on it

Can't destroy Transform component of 'Clash Tink'. If you want to destroy the game object, please call 'Destroy' on the game object instead. Destroying the transform component is not allowed.

Can't remove MeshFilter because tk2dSprite (Script) depends on it

Can't remove MeshRenderer because tk2dSprite (Script) depends on it

Can't destroy Transform component of 'Clash Tink'. If you want to destroy the game object, please call 'Destroy' on the game object instead. Destroying the transform component is not allowed.

Can't remove MeshFilter because tk2dSprite (Script) depends on it

Can't remove MeshRenderer because tk2dSprite (Script) depends on it

Can't destroy Transform component of 'Clash Tink'. If you want to destroy the game object, please call 'Destroy' on the game object instead. Destroying the transform component is not allowed.

Can't remove MeshFilter because tk2dSprite (Script) depends on it

Can't remove MeshRenderer because tk2dSprite (Script) depends on it

Can't destroy Transform component of 'Clash Tink'. If you want to destroy the game object, please call 'Destroy' on the game object instead. Destroying the transform component is not allowed.

Can't remove MeshFilter because tk2dSprite (Script) depends on it

Can't remove MeshRenderer because tk2dSprite (Script) depends on it

Can't destroy Transform component of 'Clash Tink'. If you want to destroy the game object, please call 'Destroy' on the game object instead. Destroying the transform component is not allowed.

Can't remove MeshFilter because tk2dSprite (Script) depends on it

Can't remove MeshRenderer because tk2dSprite (Script) depends on it

Can't destroy Transform component of 'Clash Tink'. If you want to destroy the game object, please call 'Destroy' on the game object instead. Destroying the transform component is not allowed.

Can't remove MeshFilter because tk2dSprite (Script) depends on it

Can't remove MeshRenderer because tk2dSprite (Script) depends on it

Can't destroy Transform component of 'Clash Tink'. If you want to destroy the game object, please call 'Destroy' on the game object instead. Destroying the transform component is not allowed.

Can't remove MeshFilter because tk2dSprite (Script) depends on it

Can't remove MeshRenderer because tk2dSprite (Script) depends on it

Can't destroy Transform component of 'Clash Tink'. If you want to destroy the game object, please call 'Destroy' on the game object instead. Destroying the transform component is not allowed.

Can't remove MeshFilter because tk2dSprite (Script) depends on it

Can't remove MeshRenderer because tk2dSprite (Script) depends on it

Can't destroy Transform component of 'Clash Tink'. If you want to destroy the game object, please call 'Destroy' on the game object instead. Destroying the transform component is not allowed.

Can't remove MeshFilter because tk2dSprite (Script) depends on it

Can't remove MeshRenderer because tk2dSprite (Script) depends on it

Can't destroy Transform component of 'Clash Tink'. If you want to destroy the game object, please call 'Destroy' on the game object instead. Destroying the transform component is not allowed.

Can't remove MeshFilter because tk2dSprite (Script) depends on it

Can't remove MeshRenderer because tk2dSprite (Script) depends on it

Can't destroy Transform component of 'Clash Tink'. If you want to destroy the game object, please call 'Destroy' on the game object instead. Destroying the transform component is not allowed.

Can't remove MeshFilter because tk2dSprite (Script) depends on it

Can't remove MeshRenderer because tk2dSprite (Script) depends on it

Can't destroy Transform component of 'Clash Tink'. If you want to destroy the game object, please call 'Destroy' on the game object instead. Destroying the transform component is not allowed.

Can't remove MeshFilter because tk2dSprite (Script) depends on it

Can't remove MeshRenderer because tk2dSprite (Script) depends on it

Can't destroy Transform component of 'Clash Tink'. If you want to destroy the game object, please call 'Destroy' on the game object instead. Destroying the transform component is not allowed.

AddEventHandlerComponent: PlayMakerFixedUpdate

AddEventHandlerComponent: PlayMakerFixedUpdate

AddEventHandlerComponent: PlayMakerFixedUpdate

Deferring level start (marked as manual).

AddEventHandlerComponent: PlayMakerFixedUpdate

AddEventHandlerComponent: PlayMakerFixedUpdate

AddEventHandlerComponent: PlayMakerFixedUpdate

AddEventHandlerComponent: PlayMakerFixedUpdate

AddEventHandlerComponent: PlayMakerFixedUpdate

Additively loaded scene: Crossroads_10_boss in sequence

Object Pool attached to GlobalPool has run out of Particle Rock Small prefabs, Instantiating an additional one.

Object Pool attached to GlobalPool has run out of Particle Rock Small prefabs, Instantiating an additional one.

Object Pool attached to GlobalPool has run out of Particle Rock Small prefabs, Instantiating an additional one.

Object Pool attached to GlobalPool has run out of Particle Rock Small prefabs, Instantiating an additional one.

Object Pool attached to GlobalPool has run out of Particle Rock Small prefabs, Instantiating an additional one.

Object Pool attached to GlobalPool has run out of Particle Rock Small prefabs, Instantiating an additional one.

Object Pool attached to GlobalPool has run out of Particle Rock Small prefabs, Instantiating an additional one.

Object Pool attached to GlobalPool has run out of Particle Rock Small prefabs, Instantiating an additional one.

Object Pool attached to GlobalPool has run out of Particle Rock Small prefabs, Instantiating an additional one.

Object Pool attached to GlobalPool has run out of Particle Rock Small prefabs, Instantiating an additional one.

Object Pool attached to GlobalPool has run out of Particle Rock Small prefabs, Instantiating an additional one.

Object Pool attached to GlobalPool has run out of Particle Rock Small prefabs, Instantiating an additional one.

Object Pool attached to GlobalPool has run out of Particle Rock Small prefabs, Instantiating an additional one.

Object Pool attached to GlobalPool has run out of Particle Rock Small prefabs, Instantiating an additional one.

Object Pool attached to GlobalPool has run out of Particle Rock Small prefabs, Instantiating an additional one.

Object Pool attached to GlobalPool has run out of Particle Rock Small prefabs, Instantiating an additional one.

Object Pool attached to GlobalPool has run out of Particle Rock Small prefabs, Instantiating an additional one.

Object Pool attached to GlobalPool has run out of Particle Rock Small prefabs, Instantiating an additional one.

Object Pool attached to GlobalPool has run out of Particle Rock Small prefabs, Instantiating an additional one.

Object Pool attached to GlobalPool has run out of Particle Rock Small prefabs, Instantiating an additional one.

Can't remove MeshFilter because tk2dSprite (Script) depends on it

Can't remove MeshRenderer because tk2dSprite (Script) depends on it

Can't destroy Transform component of 'Clash Tink'. If you want to destroy the game object, please call 'Destroy' on the game object instead. Destroying the transform component is not allowed.

Can't remove MeshFilter because tk2dSprite (Script) depends on it

Can't remove MeshRenderer because tk2dSprite (Script) depends on it

Can't destroy Transform component of 'Clash Tink'. If you want to destroy the game object, please call 'Destroy' on the game object instead. Destroying the transform component is not allowed.

Can't remove MeshFilter because tk2dSprite (Script) depends on it

Can't remove MeshRenderer because tk2dSprite (Script) depends on it

Can't destroy Transform component of 'Clash Tink'. If you want to destroy the game object, please call 'Destroy' on the game object instead. Destroying the transform component is not allowed.

Can't remove MeshFilter because tk2dSprite (Script) depends on it

Can't remove MeshRenderer because tk2dSprite (Script) depends on it

Can't destroy Transform component of 'Clash Tink'. If you want to destroy the game object, please call 'Destroy' on the game object instead. Destroying the transform component is not allowed.

Can't remove MeshFilter because tk2dSprite (Script) depends on it

Can't remove MeshRenderer because tk2dSprite (Script) depends on it

Can't destroy Transform component of 'Clash Tink'. If you want to destroy the game object, please call 'Destroy' on the game object instead. Destroying the transform component is not allowed.

Can't remove MeshFilter because tk2dSprite (Script) depends on it

Can't remove MeshRenderer because tk2dSprite (Script) depends on it

Can't destroy Transform component of 'Clash Tink'. If you want to destroy the game object, please call 'Destroy' on the game object instead. Destroying the transform component is not allowed.

Can't remove MeshFilter because tk2dSprite (Script) depends on it

Can't remove MeshRenderer because tk2dSprite (Script) depends on it

Can't destroy Transform component of 'Clash Tink'. If you want to destroy the game object, please call 'Destroy' on the game object instead. Destroying the transform component is not allowed.

Can't remove MeshFilter because tk2dSprite (Script) depends on it

Can't remove MeshRenderer because tk2dSprite (Script) depends on it

Can't destroy Transform component of 'Clash Tink'. If you want to destroy the game object, please call 'Destroy' on the game object instead. Destroying the transform component is not allowed.

Can't remove MeshFilter because tk2dSprite (Script) depends on it

Can't remove MeshRenderer because tk2dSprite (Script) depends on it

Can't destroy Transform component of 'Clash Tink'. If you want to destroy the game object, please call 'Destroy' on the game object instead. Destroying the transform component is not allowed.

Object Pool attached to GlobalPool has run out of Strike Nail R prefabs, Instantiating an additional one.

Can't remove MeshFilter because tk2dSprite (Script) depends on it

Can't remove MeshRenderer because tk2dSprite (Script) depends on it

Can't destroy Transform component of 'Clash Tink'. If you want to destroy the game object, please call 'Destroy' on the game object instead. Destroying the transform component is not allowed.

Can't remove MeshFilter because tk2dSprite (Script) depends on it

Can't remove MeshRenderer because tk2dSprite (Script) depends on it

Can't destroy Transform component of 'Clash Tink'. If you want to destroy the game object, please call 'Destroy' on the game object instead. Destroying the transform component is not allowed.

Can't remove MeshFilter because tk2dSprite (Script) depends on it

Can't remove MeshRenderer because tk2dSprite (Script) depends on it

Can't destroy Transform component of 'Clash Tink'. If you want to destroy the game object, please call 'Destroy' on the game object instead. Destroying the transform component is not allowed.

Can't remove MeshFilter because tk2dSprite (Script) depends on it

Can't remove MeshRenderer because tk2dSprite (Script) depends on it

Can't destroy Transform component of 'Clash Tink'. If you want to destroy the game object, please call 'Destroy' on the game object instead. Destroying the transform component is not allowed.

Can't remove MeshFilter because tk2dSprite (Script) depends on it

Can't remove MeshRenderer because tk2dSprite (Script) depends on it

Can't destroy Transform component of 'Clash Tink'. If you want to destroy the game object, please call 'Destroy' on the game object instead. Destroying the transform component is not allowed.

Can't remove MeshFilter because tk2dSprite (Script) depends on it

Can't remove MeshRenderer because tk2dSprite (Script) depends on it

Can't destroy Transform component of 'Clash Tink'. If you want to destroy the game object, please call 'Destroy' on the game object instead. Destroying the transform component is not allowed.

Can't remove MeshFilter because tk2dSprite (Script) depends on it

Can't remove MeshRenderer because tk2dSprite (Script) depends on it

Can't destroy Transform component of 'Clash Tink'. If you want to destroy the game object, please call 'Destroy' on the game object instead. Destroying the transform component is not allowed.

Can't remove MeshFilter because tk2dSprite (Script) depends on it

Can't remove MeshRenderer because tk2dSprite (Script) depends on it

Can't destroy Transform component of 'Clash Tink'. If you want to destroy the game object, please call 'Destroy' on the game object instead. Destroying the transform component is not allowed.

Can't remove MeshFilter because tk2dSprite (Script) depends on it

Can't remove MeshRenderer because tk2dSprite (Script) depends on it

Can't destroy Transform component of 'Clash Tink'. If you want to destroy the game object, please call 'Destroy' on the game object instead. Destroying the transform component is not allowed.

Can't remove MeshFilter because tk2dSprite (Script) depends on it

Can't remove MeshRenderer because tk2dSprite (Script) depends on it

Can't destroy Transform component of 'Clash Tink'. If you want to destroy the game object, please call 'Destroy' on the game object instead. Destroying the transform component is not allowed.

Can't remove MeshFilter because tk2dSprite (Script) depends on it

Can't remove MeshRenderer because tk2dSprite (Script) depends on it

Can't destroy Transform component of 'Clash Tink'. If you want to destroy the game object, please call 'Destroy' on the game object instead. Destroying the transform component is not allowed.

Can't remove MeshFilter because tk2dSprite (Script) depends on it

Can't remove MeshRenderer because tk2dSprite (Script) depends on it

Can't destroy Transform component of 'Clash Tink'. If you want to destroy the game object, please call 'Destroy' on the game object instead. Destroying the transform component is not allowed.

Can't remove MeshFilter because tk2dSprite (Script) depends on it

Can't remove MeshRenderer because tk2dSprite (Script) depends on it

Can't destroy Transform component of 'Clash Tink'. If you want to destroy the game object, please call 'Destroy' on the game object instead. Destroying the transform component is not allowed.

Can't remove MeshFilter because tk2dSprite (Script) depends on it

Can't remove MeshRenderer because tk2dSprite (Script) depends on it

Can't destroy Transform component of 'Clash Tink'. If you want to destroy the game object, please call 'Destroy' on the game object instead. Destroying the transform component is not allowed.

Can't remove MeshFilter because tk2dSprite (Script) depends on it

Can't remove MeshRenderer because tk2dSprite (Script) depends on it

Can't destroy Transform component of 'Clash Tink'. If you want to destroy the game object, please call 'Destroy' on the game object instead. Destroying the transform component is not allowed.

Can't remove MeshFilter because tk2dSprite (Script) depends on it

Can't remove MeshRenderer because tk2dSprite (Script) depends on it

Can't destroy Transform component of 'Clash Tink'. If you want to destroy the game object, please call 'Destroy' on the game object instead. Destroying the transform component is not allowed.

Can't remove MeshFilter because tk2dSprite (Script) depends on it

Can't remove MeshRenderer because tk2dSprite (Script) depends on it

Can't destroy Transform component of 'Clash Tink'. If you want to destroy the game object, please call 'Destroy' on the game object instead. Destroying the transform component is not allowed.

Can't remove MeshFilter because tk2dSprite (Script) depends on it

Can't remove MeshRenderer because tk2dSprite (Script) depends on it

Can't destroy Transform component of 'Clash Tink'. If you want to destroy the game object, please call 'Destroy' on the game object instead. Destroying the transform component is not allowed.

Can't remove MeshFilter because tk2dSprite (Script) depends on it

Can't remove MeshRenderer because tk2dSprite (Script) depends on it

Can't destroy Transform component of 'Clash Tink'. If you want to destroy the game object, please call 'Destroy' on the game object instead. Destroying the transform component is not allowed.

Can't remove MeshFilter because tk2dSprite (Script) depends on it

Can't remove MeshRenderer because tk2dSprite (Script) depends on it

Can't destroy Transform component of 'Clash Tink'. If you want to destroy the game object, please call 'Destroy' on the game object instead. Destroying the transform component is not allowed.

Can't remove MeshFilter because tk2dSprite (Script) depends on it

Can't remove MeshRenderer because tk2dSprite (Script) depends on it

Can't destroy Transform component of 'Clash Tink'. If you want to destroy the game object, please call 'Destroy' on the game object instead. Destroying the transform component is not allowed.

Object Pool attached to GlobalPool could not find a copy of Dust Hit Plume R, Instantiating a new one.

AddEventHandlerComponent: PlayMakerFixedUpdate

Can't remove MeshFilter because tk2dSprite (Script) depends on it

Can't remove MeshRenderer because tk2dSprite (Script) depends on it

Can't destroy Transform component of 'Clash Tink'. If you want to destroy the game object, please call 'Destroy' on the game object instead. Destroying the transform component is not allowed.

Can't remove MeshFilter because tk2dSprite (Script) depends on it

Can't remove MeshRenderer because tk2dSprite (Script) depends on it

Can't destroy Transform component of 'Clash Tink'. If you want to destroy the game object, please call 'Destroy' on the game object instead. Destroying the transform component is not allowed.

Can't remove MeshFilter because tk2dSprite (Script) depends on it

Can't remove MeshRenderer because tk2dSprite (Script) depends on it

Can't destroy Transform component of 'Clash Tink'. If you want to destroy the game object, please call 'Destroy' on the game object instead. Destroying the transform component is not allowed.

Can't remove MeshFilter because tk2dSprite (Script) depends on it

Can't remove MeshRenderer because tk2dSprite (Script) depends on it

Can't destroy Transform component of 'Clash Tink'. If you want to destroy the game object, please call 'Destroy' on the game object instead. Destroying the transform component is not allowed.

Can't remove MeshFilter because tk2dSprite (Script) depends on it

Can't remove MeshRenderer because tk2dSprite (Script) depends on it

Can't destroy Transform component of 'Clash Tink'. If you want to destroy the game object, please call 'Destroy' on the game object instead. Destroying the transform component is not allowed.

Can't remove MeshFilter because tk2dSprite (Script) depends on it

Can't remove MeshRenderer because tk2dSprite (Script) depends on it

Can't destroy Transform component of 'Clash Tink'. If you want to destroy the game object, please call 'Destroy' on the game object instead. Destroying the transform component is not allowed.

Can't remove MeshFilter because tk2dSprite (Script) depends on it

Can't remove MeshRenderer because tk2dSprite (Script) depends on it

Can't destroy Transform component of 'Clash Tink'. If you want to destroy the game object, please call 'Destroy' on the game object instead. Destroying the transform component is not allowed.

Can't remove MeshFilter because tk2dSprite (Script) depends on it

Can't remove MeshRenderer because tk2dSprite (Script) depends on it

Can't destroy Transform component of 'Clash Tink'. If you want to destroy the game object, please call 'Destroy' on the game object instead. Destroying the transform component is not allowed.

Can't remove MeshFilter because tk2dSprite (Script) depends on it

Can't remove MeshRenderer because tk2dSprite (Script) depends on it

Can't destroy Transform component of 'Clash Tink'. If you want to destroy the game object, please call 'Destroy' on the game object instead. Destroying the transform component is not allowed.

Can't remove MeshFilter because tk2dSprite (Script) depends on it

Can't remove MeshRenderer because tk2dSprite (Script) depends on it

Can't destroy Transform component of 'Clash Tink'. If you want to destroy the game object, please call 'Destroy' on the game object instead. Destroying the transform component is not allowed.

Can't remove MeshFilter because tk2dSprite (Script) depends on it

Can't remove MeshRenderer because tk2dSprite (Script) depends on it

Can't destroy Transform component of 'Clash Tink'. If you want to destroy the game object, please call 'Destroy' on the game object instead. Destroying the transform component is not allowed.

Can't remove MeshFilter because tk2dSprite (Script) depends on it

Can't remove MeshRenderer because tk2dSprite (Script) depends on it

Can't destroy Transform component of 'Clash Tink'. If you want to destroy the game object, please call 'Destroy' on the game object instead. Destroying the transform component is not allowed.

Can't remove MeshFilter because tk2dSprite (Script) depends on it

Can't remove MeshRenderer because tk2dSprite (Script) depends on it

Can't destroy Transform component of 'Clash Tink'. If you want to destroy the game object, please call 'Destroy' on the game object instead. Destroying the transform component is not allowed.

Can't remove MeshFilter because tk2dSprite (Script) depends on it

Can't remove MeshRenderer because tk2dSprite (Script) depends on it

Can't destroy Transform component of 'Clash Tink'. If you want to destroy the game object, please call 'Destroy' on the game object instead. Destroying the transform component is not allowed.

Can't remove MeshFilter because tk2dSprite (Script) depends on it

Can't remove MeshRenderer because tk2dSprite (Script) depends on it

Can't destroy Transform component of 'Clash Tink'. If you want to destroy the game object, please call 'Destroy' on the game object instead. Destroying the transform component is not allowed.

Can't remove MeshFilter because tk2dSprite (Script) depends on it

Can't remove MeshRenderer because tk2dSprite (Script) depends on it

Can't destroy Transform component of 'Clash Tink'. If you want to destroy the game object, please call 'Destroy' on the game object instead. Destroying the transform component is not allowed.

Can't remove MeshFilter because tk2dSprite (Script) depends on it

Can't remove MeshRenderer because tk2dSprite (Script) depends on it

Can't destroy Transform component of 'Clash Tink'. If you want to destroy the game object, please call 'Destroy' on the game object instead. Destroying the transform component is not allowed.

Can't remove MeshFilter because tk2dSprite (Script) depends on it

Can't remove MeshRenderer because tk2dSprite (Script) depends on it

Can't destroy Transform component of 'Clash Tink'. If you want to destroy the game object, please call 'Destroy' on the game object instead. Destroying the transform component is not allowed.

Can't remove MeshFilter because tk2dSprite (Script) depends on it

Can't remove MeshRenderer because tk2dSprite (Script) depends on it

Can't destroy Transform component of 'Clash Tink'. If you want to destroy the game object, please call 'Destroy' on the game object instead. Destroying the transform component is not allowed.

Can't remove MeshFilter because tk2dSprite (Script) depends on it

Can't remove MeshRenderer because tk2dSprite (Script) depends on it

Can't destroy Transform component of 'Clash Tink'. If you want to destroy the game object, please call 'Destroy' on the game object instead. Destroying the transform component is not allowed.

Object Pool attached to GlobalPool has run out of Audio Player NoDestroy prefabs, Instantiating an additional one.

Can't remove MeshFilter because tk2dSprite (Script) depends on it

Can't remove MeshRenderer because tk2dSprite (Script) depends on it

Can't destroy Transform component of 'Clash Tink'. If you want to destroy the game object, please call 'Destroy' on the game object instead. Destroying the transform component is not allowed.

Can't remove MeshFilter because tk2dSprite (Script) depends on it

Can't remove MeshRenderer because tk2dSprite (Script) depends on it

Can't destroy Transform component of 'Clash Tink'. If you want to destroy the game object, please call 'Destroy' on the game object instead. Destroying the transform component is not allowed.

Can't remove MeshFilter because tk2dSprite (Script) depends on it

Can't remove MeshRenderer because tk2dSprite (Script) depends on it

Can't destroy Transform component of 'Clash Tink'. If you want to destroy the game object, please call 'Destroy' on the game object instead. Destroying the transform component is not allowed.

Can't remove MeshFilter because tk2dSprite (Script) depends on it

Can't remove MeshRenderer because tk2dSprite (Script) depends on it

Can't destroy Transform component of 'Clash Tink'. If you want to destroy the game object, please call 'Destroy' on the game object instead. Destroying the transform component is not allowed.

AddEventHandlerComponent: PlayMakerCollisionEnter2D

AddEventHandlerComponent: PlayMakerFixedUpdate

Can't remove MeshFilter because tk2dSprite (Script) depends on it

Can't remove MeshRenderer because tk2dSprite (Script) depends on it

Can't destroy Transform component of 'Clash Tink'. If you want to destroy the game object, please call 'Destroy' on the game object instead. Destroying the transform component is not allowed.

Can't remove MeshFilter because tk2dSprite (Script) depends on it

Can't remove MeshRenderer because tk2dSprite (Script) depends on it

Can't destroy Transform component of 'Clash Tink'. If you want to destroy the game object, please call 'Destroy' on the game object instead. Destroying the transform component is not allowed.

Can't remove MeshFilter because tk2dSprite (Script) depends on it

Can't remove MeshRenderer because tk2dSprite (Script) depends on it

Can't destroy Transform component of 'Clash Tink'. If you want to destroy the game object, please call 'Destroy' on the game object instead. Destroying the transform component is not allowed.

AddEventHandlerComponent: PlayMakerFixedUpdate

AddEventHandlerComponent: PlayMakerFixedUpdate

AddEventHandlerComponent: PlayMakerFixedUpdate

AddEventHandlerComponent: PlayMakerFixedUpdate

AddEventHandlerComponent: PlayMakerFixedUpdate

Deferring level start (marked as manual).

Deferring level start (marked as manual).

Unloading 37 Unused Serialized files (Serialized files now loaded: 4)

Unloading 3600 unused Assets to reduce memory usage. Loaded Objects now: 63640.
Total: 463.506000 ms (FindLiveObjects: 5.257800 ms CreateObjectMapping: 3.419500 ms MarkObjects: 441.524000 ms  DeleteObjects: 13.304300 ms)

Unable to get achievement CHARMED, because GOG is not authenticated.

Unable to push achievement CHARMED, because GOG is not authenticated.

AddEventHandlerComponent: PlayMakerFixedUpdate

AddEventHandlerComponent: PlayMakerFixedUpdate

AddEventHandlerComponent: PlayMakerFixedUpdate

AddEventHandlerComponent: PlayMakerFixedUpdate

AddEventHandlerComponent: PlayMakerFixedUpdate

AddEventHandlerComponent: PlayMakerFixedUpdate

AddEventHandlerComponent: PlayMakerFixedUpdate

AddEventHandlerComponent: PlayMakerFixedUpdate

AddEventHandlerComponent: PlayMakerFixedUpdate

Deferring level start (marked as manual).

AddEventHandlerComponent: PlayMakerFixedUpdate

AddEventHandlerComponent: PlayMakerFixedUpdate

AddEventHandlerComponent: PlayMakerFixedUpdate

AddEventHandlerComponent: PlayMakerFixedUpdate

AddEventHandlerComponent: PlayMakerFixedUpdate

AddEventHandlerComponent: PlayMakerFixedUpdate

Deferring level start (marked as manual).

AddEventHandlerComponent: PlayMakerFixedUpdate

AddEventHandlerComponent: PlayMakerFixedUpdate

AddEventHandlerComponent: PlayMakerFixedUpdate

AddEventHandlerComponent: PlayMakerFixedUpdate

Deferring level start (marked as manual).

AddEventHandlerComponent: PlayMakerFixedUpdate

PlayOneShot was called with a null AudioClip.

AddEventHandlerComponent: PlayMakerFixedUpdate

AddEventHandlerComponent: PlayMakerFixedUpdate

AddEventHandlerComponent: PlayMakerFixedUpdate

AddEventHandlerComponent: PlayMakerFixedUpdate

AddEventHandlerComponent: PlayMakerFixedUpdate

Additively loaded scene: Crossroads_10_boss in sequence

Can't remove MeshFilter because tk2dSprite (Script) depends on it

Can't remove MeshRenderer because tk2dSprite (Script) depends on it

Can't destroy Transform component of 'Clash Tink'. If you want to destroy the game object, please call 'Destroy' on the game object instead. Destroying the transform component is not allowed.

Can't remove MeshFilter because tk2dSprite (Script) depends on it

Can't remove MeshRenderer because tk2dSprite (Script) depends on it

Can't destroy Transform component of 'Clash Tink'. If you want to destroy the game object, please call 'Destroy' on the game object instead. Destroying the transform component is not allowed.

Can't remove MeshFilter because tk2dSprite (Script) depends on it

Can't remove MeshRenderer because tk2dSprite (Script) depends on it

Can't destroy Transform component of 'Clash Tink'. If you want to destroy the game object, please call 'Destroy' on the game object instead. Destroying the transform component is not allowed.

Can't remove MeshFilter because tk2dSprite (Script) depends on it

Can't remove MeshRenderer because tk2dSprite (Script) depends on it

Can't destroy Transform component of 'Clash Tink'. If you want to destroy the game object, please call 'Destroy' on the game object instead. Destroying the transform component is not allowed.

Can't remove MeshFilter because tk2dSprite (Script) depends on it

Can't remove MeshRenderer because tk2dSprite (Script) depends on it

Can't destroy Transform component of 'Clash Tink'. If you want to destroy the game object, please call 'Destroy' on the game object instead. Destroying the transform component is not allowed.

Can't remove MeshFilter because tk2dSprite (Script) depends on it

Can't remove MeshRenderer because tk2dSprite (Script) depends on it

Can't destroy Transform component of 'Clash Tink'. If you want to destroy the game object, please call 'Destroy' on the game object instead. Destroying the transform component is not allowed.

Can't remove MeshFilter because tk2dSprite (Script) depends on it

Can't remove MeshRenderer because tk2dSprite (Script) depends on it

Can't destroy Transform component of 'Clash Tink'. If you want to destroy the game object, please call 'Destroy' on the game object instead. Destroying the transform component is not allowed.

Can't remove MeshFilter because tk2dSprite (Script) depends on it

Can't remove MeshRenderer because tk2dSprite (Script) depends on it

Can't destroy Transform component of 'Clash Tink'. If you want to destroy the game object, please call 'Destroy' on the game object instead. Destroying the transform component is not allowed.

Can't remove MeshFilter because tk2dSprite (Script) depends on it

Can't remove MeshRenderer because tk2dSprite (Script) depends on it

Can't destroy Transform component of 'Clash Tink'. If you want to destroy the game object, please call 'Destroy' on the game object instead. Destroying the transform component is not allowed.

Can't remove MeshFilter because tk2dSprite (Script) depends on it

Can't remove MeshRenderer because tk2dSprite (Script) depends on it

Can't destroy Transform component of 'Clash Tink'. If you want to destroy the game object, please call 'Destroy' on the game object instead. Destroying the transform component is not allowed.

Can't remove MeshFilter because tk2dSprite (Script) depends on it

Can't remove MeshRenderer because tk2dSprite (Script) depends on it

Can't destroy Transform component of 'Clash Tink'. If you want to destroy the game object, please call 'Destroy' on the game object instead. Destroying the transform component is not allowed.

Can't remove MeshFilter because tk2dSprite (Script) depends on it

Can't remove MeshRenderer because tk2dSprite (Script) depends on it

Can't destroy Transform component of 'Clash Tink'. If you want to destroy the game object, please call 'Destroy' on the game object instead. Destroying the transform component is not allowed.

Can't remove MeshFilter because tk2dSprite (Script) depends on it

Can't remove MeshRenderer because tk2dSprite (Script) depends on it

Can't destroy Transform component of 'Clash Tink'. If you want to destroy the game object, please call 'Destroy' on the game object instead. Destroying the transform component is not allowed.

Can't remove MeshFilter because tk2dSprite (Script) depends on it

Can't remove MeshRenderer because tk2dSprite (Script) depends on it

Can't destroy Transform component of 'Clash Tink'. If you want to destroy the game object, please call 'Destroy' on the game object instead. Destroying the transform component is not allowed.

Can't remove MeshFilter because tk2dSprite (Script) depends on it

Can't remove MeshRenderer because tk2dSprite (Script) depends on it

Can't destroy Transform component of 'Clash Tink'. If you want to destroy the game object, please call 'Destroy' on the game object instead. Destroying the transform component is not allowed.

Can't remove MeshFilter because tk2dSprite (Script) depends on it

Can't remove MeshRenderer because tk2dSprite (Script) depends on it

Can't destroy Transform component of 'Clash Tink'. If you want to destroy the game object, please call 'Destroy' on the game object instead. Destroying the transform component is not allowed.

Can't remove MeshFilter because tk2dSprite (Script) depends on it

Can't remove MeshRenderer because tk2dSprite (Script) depends on it

Can't destroy Transform component of 'Clash Tink'. If you want to destroy the game object, please call 'Destroy' on the game object instead. Destroying the transform component is not allowed.

Can't remove MeshFilter because tk2dSprite (Script) depends on it

Can't remove MeshRenderer because tk2dSprite (Script) depends on it

Can't destroy Transform component of 'Clash Tink'. If you want to destroy the game object, please call 'Destroy' on the game object instead. Destroying the transform component is not allowed.

Can't remove MeshFilter because tk2dSprite (Script) depends on it

Can't remove MeshRenderer because tk2dSprite (Script) depends on it

Can't destroy Transform component of 'Clash Tink'. If you want to destroy the game object, please call 'Destroy' on the game object instead. Destroying the transform component is not allowed.

Can't remove MeshFilter because tk2dSprite (Script) depends on it

Can't remove MeshRenderer because tk2dSprite (Script) depends on it

Can't destroy Transform component of 'Clash Tink'. If you want to destroy the game object, please call 'Destroy' on the game object instead. Destroying the transform component is not allowed.

Can't remove MeshFilter because tk2dSprite (Script) depends on it

Can't remove MeshRenderer because tk2dSprite (Script) depends on it

Can't destroy Transform component of 'Clash Tink'. If you want to destroy the game object, please call 'Destroy' on the game object instead. Destroying the transform component is not allowed.

Can't remove MeshFilter because tk2dSprite (Script) depends on it

Can't remove MeshRenderer because tk2dSprite (Script) depends on it

Can't destroy Transform component of 'Clash Tink'. If you want to destroy the game object, please call 'Destroy' on the game object instead. Destroying the transform component is not allowed.

Can't remove MeshFilter because tk2dSprite (Script) depends on it

Can't remove MeshRenderer because tk2dSprite (Script) depends on it

Can't destroy Transform component of 'Clash Tink'. If you want to destroy the game object, please call 'Destroy' on the game object instead. Destroying the transform component is not allowed.

Can't remove MeshFilter because tk2dSprite (Script) depends on it

Can't remove MeshRenderer because tk2dSprite (Script) depends on it

Can't destroy Transform component of 'Clash Tink'. If you want to destroy the game object, please call 'Destroy' on the game object instead. Destroying the transform component is not allowed.

Can't remove MeshFilter because tk2dSprite (Script) depends on it

Can't remove MeshRenderer because tk2dSprite (Script) depends on it

Can't destroy Transform component of 'Clash Tink'. If you want to destroy the game object, please call 'Destroy' on the game object instead. Destroying the transform component is not allowed.

Can't remove MeshFilter because tk2dSprite (Script) depends on it

Can't remove MeshRenderer because tk2dSprite (Script) depends on it

Can't destroy Transform component of 'Clash Tink'. If you want to destroy the game object, please call 'Destroy' on the game object instead. Destroying the transform component is not allowed.

Can't remove MeshFilter because tk2dSprite (Script) depends on it

Can't remove MeshRenderer because tk2dSprite (Script) depends on it

Can't destroy Transform component of 'Clash Tink'. If you want to destroy the game object, please call 'Destroy' on the game object instead. Destroying the transform component is not allowed.

Can't remove MeshFilter because tk2dSprite (Script) depends on it

Can't remove MeshRenderer because tk2dSprite (Script) depends on it

Can't destroy Transform component of 'Clash Tink'. If you want to destroy the game object, please call 'Destroy' on the game object instead. Destroying the transform component is not allowed.

Can't remove MeshFilter because tk2dSprite (Script) depends on it

Can't remove MeshRenderer because tk2dSprite (Script) depends on it

Can't destroy Transform component of 'Clash Tink'. If you want to destroy the game object, please call 'Destroy' on the game object instead. Destroying the transform component is not allowed.

Can't remove MeshFilter because tk2dSprite (Script) depends on it

Can't remove MeshRenderer because tk2dSprite (Script) depends on it

Can't destroy Transform component of 'Clash Tink'. If you want to destroy the game object, please call 'Destroy' on the game object instead. Destroying the transform component is not allowed.

Can't remove MeshFilter because tk2dSprite (Script) depends on it

Can't remove MeshRenderer because tk2dSprite (Script) depends on it

Can't destroy Transform component of 'Clash Tink'. If you want to destroy the game object, please call 'Destroy' on the game object instead. Destroying the transform component is not allowed.

AddEventHandlerComponent: PlayMakerFixedUpdate

Can't remove MeshFilter because tk2dSprite (Script) depends on it

Can't remove MeshRenderer because tk2dSprite (Script) depends on it

Can't destroy Transform component of 'Clash Tink'. If you want to destroy the game object, please call 'Destroy' on the game object instead. Destroying the transform component is not allowed.

AddEventHandlerComponent: PlayMakerFixedUpdate

AddEventHandlerComponent: PlayMakerFixedUpdate

AddEventHandlerComponent: PlayMakerFixedUpdate

AddEventHandlerComponent: PlayMakerFixedUpdate

AddEventHandlerComponent: PlayMakerFixedUpdate

Can't remove MeshFilter because tk2dSprite (Script) depends on it

Can't remove MeshRenderer because tk2dSprite (Script) depends on it

Can't destroy Transform component of 'Clash Tink'. If you want to destroy the game object, please call 'Destroy' on the game object instead. Destroying the transform component is not allowed.

AddEventHandlerComponent: PlayMakerFixedUpdate

AddEventHandlerComponent: PlayMakerFixedUpdate

AddEventHandlerComponent: PlayMakerFixedUpdate

AddEventHandlerComponent: PlayMakerFixedUpdate

AddEventHandlerComponent: PlayMakerFixedUpdate

AddEventHandlerComponent: PlayMakerFixedUpdate

Can't remove MeshFilter because tk2dSprite (Script) depends on it

Can't remove MeshRenderer because tk2dSprite (Script) depends on it

Can't destroy Transform component of 'Clash Tink'. If you want to destroy the game object, please call 'Destroy' on the game object instead. Destroying the transform component is not allowed.

Object Pool attached to GlobalPool has run out of Audio Player Actor prefabs, Instantiating an additional one.

Object Pool attached to GlobalPool has run out of Audio Player Actor prefabs, Instantiating an additional one.

Can't remove MeshFilter because tk2dSprite (Script) depends on it

Can't remove MeshRenderer because tk2dSprite (Script) depends on it

Can't destroy Transform component of 'Clash Tink'. If you want to destroy the game object, please call 'Destroy' on the game object instead. Destroying the transform component is not allowed.

Object Pool attached to GlobalPool has run out of Audio Player Actor prefabs, Instantiating an additional one.

Object Pool attached to GlobalPool has run out of Audio Player Actor prefabs, Instantiating an additional one.

Can't remove MeshFilter because tk2dSprite (Script) depends on it

Can't remove MeshRenderer because tk2dSprite (Script) depends on it

Can't destroy Transform component of 'Clash Tink'. If you want to destroy the game object, please call 'Destroy' on the game object instead. Destroying the transform component is not allowed.

Can't remove MeshFilter because tk2dSprite (Script) depends on it

Can't remove MeshRenderer because tk2dSprite (Script) depends on it

Can't destroy Transform component of 'Clash Tink'. If you want to destroy the game object, please call 'Destroy' on the game object instead. Destroying the transform component is not allowed.

Can't remove MeshFilter because tk2dSprite (Script) depends on it

Can't remove MeshRenderer because tk2dSprite (Script) depends on it

Can't destroy Transform component of 'Clash Tink'. If you want to destroy the game object, please call 'Destroy' on the game object instead. Destroying the transform component is not allowed.

Can't remove MeshFilter because tk2dSprite (Script) depends on it

Can't remove MeshRenderer because tk2dSprite (Script) depends on it

Can't destroy Transform component of 'Clash Tink'. If you want to destroy the game object, please call 'Destroy' on the game object instead. Destroying the transform component is not allowed.

Can't remove MeshFilter because tk2dSprite (Script) depends on it

Can't remove MeshRenderer because tk2dSprite (Script) depends on it

Can't destroy Transform component of 'Clash Tink'. If you want to destroy the game object, please call 'Destroy' on the game object instead. Destroying the transform component is not allowed.

Can't remove MeshFilter because tk2dSprite (Script) depends on it

Can't remove MeshRenderer because tk2dSprite (Script) depends on it

Can't destroy Transform component of 'Clash Tink'. If you want to destroy the game object, please call 'Destroy' on the game object instead. Destroying the transform component is not allowed.

Can't remove MeshFilter because tk2dSprite (Script) depends on it

Can't remove MeshRenderer because tk2dSprite (Script) depends on it

Can't destroy Transform component of 'Clash Tink'. If you want to destroy the game object, please call 'Destroy' on the game object instead. Destroying the transform component is not allowed.

Can't remove MeshFilter because tk2dSprite (Script) depends on it

Can't remove MeshRenderer because tk2dSprite (Script) depends on it

Can't destroy Transform component of 'Clash Tink'. If you want to destroy the game object, please call 'Destroy' on the game object instead. Destroying the transform component is not allowed.

Can't remove MeshFilter because tk2dSprite (Script) depends on it

Can't remove MeshRenderer because tk2dSprite (Script) depends on it

Can't destroy Transform component of 'Clash Tink'. If you want to destroy the game object, please call 'Destroy' on the game object instead. Destroying the transform component is not allowed.

Can't remove MeshFilter because tk2dSprite (Script) depends on it

Can't remove MeshRenderer because tk2dSprite (Script) depends on it

Can't destroy Transform component of 'Clash Tink'. If you want to destroy the game object, please call 'Destroy' on the game object instead. Destroying the transform component is not allowed.

Can't remove MeshFilter because tk2dSprite (Script) depends on it

Can't remove MeshRenderer because tk2dSprite (Script) depends on it

Can't destroy Transform component of 'Clash Tink'. If you want to destroy the game object, please call 'Destroy' on the game object instead. Destroying the transform component is not allowed.

Can't remove MeshFilter because tk2dSprite (Script) depends on it

Can't remove MeshRenderer because tk2dSprite (Script) depends on it

Can't destroy Transform component of 'Clash Tink'. If you want to destroy the game object, please call 'Destroy' on the game object instead. Destroying the transform component is not allowed.

Can't remove MeshFilter because tk2dSprite (Script) depends on it

Can't remove MeshRenderer because tk2dSprite (Script) depends on it

Can't destroy Transform component of 'Clash Tink'. If you want to destroy the game object, please call 'Destroy' on the game object instead. Destroying the transform component is not allowed.

Can't remove MeshFilter because tk2dSprite (Script) depends on it

Can't remove MeshRenderer because tk2dSprite (Script) depends on it

Can't destroy Transform component of 'Clash Tink'. If you want to destroy the game object, please call 'Destroy' on the game object instead. Destroying the transform component is not allowed.

Can't remove MeshFilter because tk2dSprite (Script) depends on it

Can't remove MeshRenderer because tk2dSprite (Script) depends on it

Can't destroy Transform component of 'Clash Tink'. If you want to destroy the game object, please call 'Destroy' on the game object instead. Destroying the transform component is not allowed.

Can't remove MeshFilter because tk2dSprite (Script) depends on it

Can't remove MeshRenderer because tk2dSprite (Script) depends on it

Can't destroy Transform component of 'Clash Tink'. If you want to destroy the game object, please call 'Destroy' on the game object instead. Destroying the transform component is not allowed.

Can't remove MeshFilter because tk2dSprite (Script) depends on it

Can't remove MeshRenderer because tk2dSprite (Script) depends on it

Can't destroy Transform component of 'Clash Tink'. If you want to destroy the game object, please call 'Destroy' on the game object instead. Destroying the transform component is not allowed.

Can't remove MeshFilter because tk2dSprite (Script) depends on it

Can't remove MeshRenderer because tk2dSprite (Script) depends on it

Can't destroy Transform component of 'Clash Tink'. If you want to destroy the game object, please call 'Destroy' on the game object instead. Destroying the transform component is not allowed.

Can't remove MeshFilter because tk2dSprite (Script) depends on it

Can't remove MeshRenderer because tk2dSprite (Script) depends on it

Can't destroy Transform component of 'Clash Tink'. If you want to destroy the game object, please call 'Destroy' on the game object instead. Destroying the transform component is not allowed.

Can't remove MeshFilter because tk2dSprite (Script) depends on it

Can't remove MeshRenderer because tk2dSprite (Script) depends on it

Can't destroy Transform component of 'Clash Tink'. If you want to destroy the game object, please call 'Destroy' on the game object instead. Destroying the transform component is not allowed.

Can't remove MeshFilter because tk2dSprite (Script) depends on it

Can't remove MeshRenderer because tk2dSprite (Script) depends on it

Can't destroy Transform component of 'Clash Tink'. If you want to destroy the game object, please call 'Destroy' on the game object instead. Destroying the transform component is not allowed.

Can't remove MeshFilter because tk2dSprite (Script) depends on it

Can't remove MeshRenderer because tk2dSprite (Script) depends on it

Can't destroy Transform component of 'Clash Tink'. If you want to destroy the game object, please call 'Destroy' on the game object instead. Destroying the transform component is not allowed.

Can't remove MeshFilter because tk2dSprite (Script) depends on it

Can't remove MeshRenderer because tk2dSprite (Script) depends on it

Can't destroy Transform component of 'Clash Tink'. If you want to destroy the game object, please call 'Destroy' on the game object instead. Destroying the transform component is not allowed.

Can't remove MeshFilter because tk2dSprite (Script) depends on it

Can't remove MeshRenderer because tk2dSprite (Script) depends on it

Can't destroy Transform component of 'Clash Tink'. If you want to destroy the game object, please call 'Destroy' on the game object instead. Destroying the transform component is not allowed.

Can't remove MeshFilter because tk2dSprite (Script) depends on it

Can't remove MeshRenderer because tk2dSprite (Script) depends on it

Can't destroy Transform component of 'Clash Tink'. If you want to destroy the game object, please call 'Destroy' on the game object instead. Destroying the transform component is not allowed.

Can't remove MeshFilter because tk2dSprite (Script) depends on it

Can't remove MeshRenderer because tk2dSprite (Script) depends on it

Can't destroy Transform component of 'Clash Tink'. If you want to destroy the game object, please call 'Destroy' on the game object instead. Destroying the transform component is not allowed.

Can't remove MeshFilter because tk2dSprite (Script) depends on it

Can't remove MeshRenderer because tk2dSprite (Script) depends on it

Can't destroy Transform component of 'Clash Tink'. If you want to destroy the game object, please call 'Destroy' on the game object instead. Destroying the transform component is not allowed.

Can't remove MeshFilter because tk2dSprite (Script) depends on it

Can't remove MeshRenderer because tk2dSprite (Script) depends on it

Can't destroy Transform component of 'Clash Tink'. If you want to destroy the game object, please call 'Destroy' on the game object instead. Destroying the transform component is not allowed.

Can't remove MeshFilter because tk2dSprite (Script) depends on it

Can't remove MeshRenderer because tk2dSprite (Script) depends on it

Can't destroy Transform component of 'Clash Tink'. If you want to destroy the game object, please call 'Destroy' on the game object instead. Destroying the transform component is not allowed.

Can't remove MeshFilter because tk2dSprite (Script) depends on it

Can't remove MeshRenderer because tk2dSprite (Script) depends on it

Can't destroy Transform component of 'Clash Tink'. If you want to destroy the game object, please call 'Destroy' on the game object instead. Destroying the transform component is not allowed.

Can't remove MeshFilter because tk2dSprite (Script) depends on it

Can't remove MeshRenderer because tk2dSprite (Script) depends on it

Can't destroy Transform component of 'Clash Tink'. If you want to destroy the game object, please call 'Destroy' on the game object instead. Destroying the transform component is not allowed.

Can't remove MeshFilter because tk2dSprite (Script) depends on it

Can't remove MeshRenderer because tk2dSprite (Script) depends on it

Can't destroy Transform component of 'Clash Tink'. If you want to destroy the game object, please call 'Destroy' on the game object instead. Destroying the transform component is not allowed.

Can't remove MeshFilter because tk2dSprite (Script) depends on it

Can't remove MeshRenderer because tk2dSprite (Script) depends on it

Can't destroy Transform component of 'Clash Tink'. If you want to destroy the game object, please call 'Destroy' on the game object instead. Destroying the transform component is not allowed.

Can't remove MeshFilter because tk2dSprite (Script) depends on it

Can't remove MeshRenderer because tk2dSprite (Script) depends on it

Can't destroy Transform component of 'Clash Tink'. If you want to destroy the game object, please call 'Destroy' on the game object instead. Destroying the transform component is not allowed.

Can't remove MeshFilter because tk2dSprite (Script) depends on it

Can't remove MeshRenderer because tk2dSprite (Script) depends on it

Can't destroy Transform component of 'Clash Tink'. If you want to destroy the game object, please call 'Destroy' on the game object instead. Destroying the transform component is not allowed.

Can't remove MeshFilter because tk2dSprite (Script) depends on it

Can't remove MeshRenderer because tk2dSprite (Script) depends on it

Can't destroy Transform component of 'Clash Tink'. If you want to destroy the game object, please call 'Destroy' on the game object instead. Destroying the transform component is not allowed.

Can't remove MeshFilter because tk2dSprite (Script) depends on it

Can't remove MeshRenderer because tk2dSprite (Script) depends on it

Can't destroy Transform component of 'Clash Tink'. If you want to destroy the game object, please call 'Destroy' on the game object instead. Destroying the transform component is not allowed.

Can't remove MeshFilter because tk2dSprite (Script) depends on it

Can't remove MeshRenderer because tk2dSprite (Script) depends on it

Can't destroy Transform component of 'Clash Tink'. If you want to destroy the game object, please call 'Destroy' on the game object instead. Destroying the transform component is not allowed.

Can't remove MeshFilter because tk2dSprite (Script) depends on it

Can't remove MeshRenderer because tk2dSprite (Script) depends on it

Can't destroy Transform component of 'Clash Tink'. If you want to destroy the game object, please call 'Destroy' on the game object instead. Destroying the transform component is not allowed.

Can't remove MeshFilter because tk2dSprite (Script) depends on it

Can't remove MeshRenderer because tk2dSprite (Script) depends on it

Can't destroy Transform component of 'Clash Tink'. If you want to destroy the game object, please call 'Destroy' on the game object instead. Destroying the transform component is not allowed.

Can't remove MeshFilter because tk2dSprite (Script) depends on it

Can't remove MeshRenderer because tk2dSprite (Script) depends on it

Can't destroy Transform component of 'Clash Tink'. If you want to destroy the game object, please call 'Destroy' on the game object instead. Destroying the transform component is not allowed.

Can't remove MeshFilter because tk2dSprite (Script) depends on it

Can't remove MeshRenderer because tk2dSprite (Script) depends on it

Can't destroy Transform component of 'Clash Tink'. If you want to destroy the game object, please call 'Destroy' on the game object instead. Destroying the transform component is not allowed.

Can't remove MeshFilter because tk2dSprite (Script) depends on it

Can't remove MeshRenderer because tk2dSprite (Script) depends on it

Can't destroy Transform component of 'Clash Tink'. If you want to destroy the game object, please call 'Destroy' on the game object instead. Destroying the transform component is not allowed.

Can't remove MeshFilter because tk2dSprite (Script) depends on it

Can't remove MeshRenderer because tk2dSprite (Script) depends on it

Can't destroy Transform component of 'Clash Tink'. If you want to destroy the game object, please call 'Destroy' on the game object instead. Destroying the transform component is not allowed.

Can't remove MeshFilter because tk2dSprite (Script) depends on it

Can't remove MeshRenderer because tk2dSprite (Script) depends on it

Can't destroy Transform component of 'Clash Tink'. If you want to destroy the game object, please call 'Destroy' on the game object instead. Destroying the transform component is not allowed.

Can't remove MeshFilter because tk2dSprite (Script) depends on it

Can't remove MeshRenderer because tk2dSprite (Script) depends on it

Can't destroy Transform component of 'Clash Tink'. If you want to destroy the game object, please call 'Destroy' on the game object instead. Destroying the transform component is not allowed.

Can't remove MeshFilter because tk2dSprite (Script) depends on it

Can't remove MeshRenderer because tk2dSprite (Script) depends on it

Can't destroy Transform component of 'Clash Tink'. If you want to destroy the game object, please call 'Destroy' on the game object instead. Destroying the transform component is not allowed.

Can't remove MeshFilter because tk2dSprite (Script) depends on it

Can't remove MeshRenderer because tk2dSprite (Script) depends on it

Can't destroy Transform component of 'Clash Tink'. If you want to destroy the game object, please call 'Destroy' on the game object instead. Destroying the transform component is not allowed.

Can't remove MeshFilter because tk2dSprite (Script) depends on it

Can't remove MeshRenderer because tk2dSprite (Script) depends on it

Can't destroy Transform component of 'Clash Tink'. If you want to destroy the game object, please call 'Destroy' on the game object instead. Destroying the transform component is not allowed.

Can't remove MeshFilter because tk2dSprite (Script) depends on it

Can't remove MeshRenderer because tk2dSprite (Script) depends on it

Can't destroy Transform component of 'Clash Tink'. If you want to destroy the game object, please call 'Destroy' on the game object instead. Destroying the transform component is not allowed.

Can't remove MeshFilter because tk2dSprite (Script) depends on it

Can't remove MeshRenderer because tk2dSprite (Script) depends on it

Can't destroy Transform component of 'Clash Tink'. If you want to destroy the game object, please call 'Destroy' on the game object instead. Destroying the transform component is not allowed.

Can't remove MeshFilter because tk2dSprite (Script) depends on it

Can't remove MeshRenderer because tk2dSprite (Script) depends on it

Can't destroy Transform component of 'Clash Tink'. If you want to destroy the game object, please call 'Destroy' on the game object instead. Destroying the transform component is not allowed.

Can't remove MeshFilter because tk2dSprite (Script) depends on it

Can't remove MeshRenderer because tk2dSprite (Script) depends on it

Can't destroy Transform component of 'Clash Tink'. If you want to destroy the game object, please call 'Destroy' on the game object instead. Destroying the transform component is not allowed.

Can't remove MeshFilter because tk2dSprite (Script) depends on it

Can't remove MeshRenderer because tk2dSprite (Script) depends on it

Can't destroy Transform component of 'Clash Tink'. If you want to destroy the game object, please call 'Destroy' on the game object instead. Destroying the transform component is not allowed.

Can't remove MeshFilter because tk2dSprite (Script) depends on it

Can't remove MeshRenderer because tk2dSprite (Script) depends on it

Can't destroy Transform component of 'Clash Tink'. If you want to destroy the game object, please call 'Destroy' on the game object instead. Destroying the transform component is not allowed.

Can't remove MeshFilter because tk2dSprite (Script) depends on it

Can't remove MeshRenderer because tk2dSprite (Script) depends on it

Can't destroy Transform component of 'Clash Tink'. If you want to destroy the game object, please call 'Destroy' on the game object instead. Destroying the transform component is not allowed.

Can't remove MeshFilter because tk2dSprite (Script) depends on it

Can't remove MeshRenderer because tk2dSprite (Script) depends on it

Can't destroy Transform component of 'Clash Tink'. If you want to destroy the game object, please call 'Destroy' on the game object instead. Destroying the transform component is not allowed.

Can't remove MeshFilter because tk2dSprite (Script) depends on it

Can't remove MeshRenderer because tk2dSprite (Script) depends on it

Can't destroy Transform component of 'Clash Tink'. If you want to destroy the game object, please call 'Destroy' on the game object instead. Destroying the transform component is not allowed.

Can't remove MeshFilter because tk2dSprite (Script) depends on it

Can't remove MeshRenderer because tk2dSprite (Script) depends on it

Can't destroy Transform component of 'Clash Tink'. If you want to destroy the game object, please call 'Destroy' on the game object instead. Destroying the transform component is not allowed.

Can't remove MeshFilter because tk2dSprite (Script) depends on it

Can't remove MeshRenderer because tk2dSprite (Script) depends on it

Can't destroy Transform component of 'Clash Tink'. If you want to destroy the game object, please call 'Destroy' on the game object instead. Destroying the transform component is not allowed.

Can't remove MeshFilter because tk2dSprite (Script) depends on it

Can't remove MeshRenderer because tk2dSprite (Script) depends on it

Can't destroy Transform component of 'Clash Tink'. If you want to destroy the game object, please call 'Destroy' on the game object instead. Destroying the transform component is not allowed.

Can't remove MeshFilter because tk2dSprite (Script) depends on it

Can't remove MeshRenderer because tk2dSprite (Script) depends on it

Can't destroy Transform component of 'Clash Tink'. If you want to destroy the game object, please call 'Destroy' on the game object instead. Destroying the transform component is not allowed.

Can't remove MeshFilter because tk2dSprite (Script) depends on it

Can't remove MeshRenderer because tk2dSprite (Script) depends on it

Can't destroy Transform component of 'Clash Tink'. If you want to destroy the game object, please call 'Destroy' on the game object instead. Destroying the transform component is not allowed.

Can't remove MeshFilter because tk2dSprite (Script) depends on it

Can't remove MeshRenderer because tk2dSprite (Script) depends on it

Can't destroy Transform component of 'Clash Tink'. If you want to destroy the game object, please call 'Destroy' on the game object instead. Destroying the transform component is not allowed.

Can't remove MeshFilter because tk2dSprite (Script) depends on it

Can't remove MeshRenderer because tk2dSprite (Script) depends on it

Can't destroy Transform component of 'Clash Tink'. If you want to destroy the game object, please call 'Destroy' on the game object instead. Destroying the transform component is not allowed.

Can't remove MeshFilter because tk2dSprite (Script) depends on it

Can't remove MeshRenderer because tk2dSprite (Script) depends on it

Can't destroy Transform component of 'Clash Tink'. If you want to destroy the game object, please call 'Destroy' on the game object instead. Destroying the transform component is not allowed.

Can't remove MeshFilter because tk2dSprite (Script) depends on it

Can't remove MeshRenderer because tk2dSprite (Script) depends on it

Can't destroy Transform component of 'Clash Tink'. If you want to destroy the game object, please call 'Destroy' on the game object instead. Destroying the transform component is not allowed.

AddEventHandlerComponent: PlayMakerFixedUpdate

Object Pool attached to GlobalPool has run out of Dust Hit Plume R prefabs, Instantiating an additional one.

AddEventHandlerComponent: PlayMakerFixedUpdate

AddEventHandlerComponent: PlayMakerFixedUpdate

AddEventHandlerComponent: PlayMakerFixedUpdate

AddEventHandlerComponent: PlayMakerFixedUpdate

AddEventHandlerComponent: PlayMakerFixedUpdate

AddEventHandlerComponent: PlayMakerFixedUpdate

AddEventHandlerComponent: PlayMakerFixedUpdate

Cannot use 'velocity' on a static body.

Cannot use 'velocity' on a static body.

Cannot use 'velocity' on a static body.

Cannot use 'velocity' on a static body.

Cannot use 'velocity' on a static body.

Object Pool attached to GlobalPool has run out of Particle Rock Tiny Transient Plain prefabs, Instantiating an additional one.

Cannot use 'velocity' on a static body.

Object Pool attached to GlobalPool has run out of Particle Rock Tiny Transient Plain prefabs, Instantiating an additional one.

Cannot use 'velocity' on a static body.

Object Pool attached to GlobalPool has run out of Particle Rock Tiny Transient Plain prefabs, Instantiating an additional one.

Cannot use 'velocity' on a static body.

Object Pool attached to GlobalPool has run out of Particle Rock Tiny Transient Plain prefabs, Instantiating an additional one.

Cannot use 'velocity' on a static body.

Object Pool attached to GlobalPool has run out of Particle Rock Tiny Transient Plain prefabs, Instantiating an additional one.

Cannot use 'velocity' on a static body.

Object Pool attached to GlobalPool has run out of Particle Rock Tiny Transient Plain prefabs, Instantiating an additional one.

Cannot use 'velocity' on a static body.

Object Pool attached to GlobalPool has run out of Particle Rock Tiny Transient Plain prefabs, Instantiating an additional one.

Cannot use 'velocity' on a static body.

Object Pool attached to GlobalPool has run out of Particle Rock Tiny Transient Plain prefabs, Instantiating an additional one.

Cannot use 'velocity' on a static body.

Object Pool attached to GlobalPool has run out of Particle Rock Tiny Transient Plain prefabs, Instantiating an additional one.

Cannot use 'velocity' on a static body.

Object Pool attached to GlobalPool has run out of Particle Rock Tiny Transient Plain prefabs, Instantiating an additional one.

Cannot use 'velocity' on a static body.

Object Pool attached to GlobalPool has run out of Particle Rock Tiny Transient Plain prefabs, Instantiating an additional one.

Cannot use 'velocity' on a static body.

Object Pool attached to GlobalPool has run out of Particle Rock Tiny Transient Plain prefabs, Instantiating an additional one.

Cannot use 'velocity' on a static body.

Object Pool attached to GlobalPool has run out of Particle Rock Tiny Transient Plain prefabs, Instantiating an additional one.

Cannot use 'velocity' on a static body.

Object Pool attached to GlobalPool has run out of Particle Rock Tiny Transient Plain prefabs, Instantiating an additional one.

Cannot use 'velocity' on a static body.

Object Pool attached to GlobalPool has run out of Particle Rock Tiny Transient Plain prefabs, Instantiating an additional one.

Cannot use 'velocity' on a static body.

Object Pool attached to GlobalPool has run out of Particle Rock Tiny Transient Plain prefabs, Instantiating an additional one.

Cannot use 'velocity' on a static body.

Object Pool attached to GlobalPool has run out of Particle Rock Tiny Transient Plain prefabs, Instantiating an additional one.

Cannot use 'velocity' on a static body.

Object Pool attached to GlobalPool has run out of Particle Rock Tiny Transient Plain prefabs, Instantiating an additional one.

Cannot use 'velocity' on a static body.

Object Pool attached to GlobalPool has run out of Particle Rock Tiny Transient Plain prefabs, Instantiating an additional one.

Cannot use 'velocity' on a static body.

Object Pool attached to GlobalPool has run out of Particle Rock Tiny Transient Plain prefabs, Instantiating an additional one.

Cannot use 'velocity' on a static body.

Object Pool attached to GlobalPool has run out of Particle Rock Tiny Transient Plain prefabs, Instantiating an additional one.

Cannot use 'velocity' on a static body.

Object Pool attached to GlobalPool has run out of Particle Rock Tiny Transient Plain prefabs, Instantiating an additional one.

Cannot use 'velocity' on a static body.

Object Pool attached to GlobalPool has run out of Particle Rock Tiny Transient Plain prefabs, Instantiating an additional one.

Cannot use 'velocity' on a static body.

Object Pool attached to GlobalPool has run out of Particle Rock Tiny Transient Plain prefabs, Instantiating an additional one.

Cannot use 'velocity' on a static body.

Object Pool attached to GlobalPool has run out of Particle Rock Tiny Transient Plain prefabs, Instantiating an additional one.

Cannot use 'velocity' on a static body.

Can't remove MeshFilter because tk2dSprite (Script) depends on it

Can't remove MeshRenderer because tk2dSprite (Script) depends on it

Can't destroy Transform component of 'Clash Tink'. If you want to destroy the game object, please call 'Destroy' on the game object instead. Destroying the transform component is not allowed.

Can't remove MeshFilter because tk2dSprite (Script) depends on it

Can't remove MeshRenderer because tk2dSprite (Script) depends on it

Can't destroy Transform component of 'Clash Tink'. If you want to destroy the game object, please call 'Destroy' on the game object instead. Destroying the transform component is not allowed.

Can't remove MeshFilter because tk2dSprite (Script) depends on it

Can't remove MeshRenderer because tk2dSprite (Script) depends on it

Can't destroy Transform component of 'Clash Tink'. If you want to destroy the game object, please call 'Destroy' on the game object instead. Destroying the transform component is not allowed.

AddEventHandlerComponent: PlayMakerFixedUpdate

Can't remove MeshFilter because tk2dSprite (Script) depends on it

Can't remove MeshRenderer because tk2dSprite (Script) depends on it

Can't destroy Transform component of 'Clash Tink'. If you want to destroy the game object, please call 'Destroy' on the game object instead. Destroying the transform component is not allowed.

Object Pool attached to GlobalPool has run out of Shockwave Spurt L prefabs, Instantiating an additional one.

Object Pool attached to GlobalPool has run out of Shockwave Spurt L prefabs, Instantiating an additional one.

Object Pool attached to GlobalPool has run out of Shockwave Spurt L prefabs, Instantiating an additional one.

Object Pool attached to GlobalPool has run out of Shockwave Spurt L prefabs, Instantiating an additional one.

Can't remove MeshFilter because tk2dSprite (Script) depends on it

Can't remove MeshRenderer because tk2dSprite (Script) depends on it

Can't destroy Transform component of 'Clash Tink'. If you want to destroy the game object, please call 'Destroy' on the game object instead. Destroying the transform component is not allowed.

Can't remove MeshFilter because tk2dSprite (Script) depends on it

Can't remove MeshRenderer because tk2dSprite (Script) depends on it

Can't destroy Transform component of 'Clash Tink'. If you want to destroy the game object, please call 'Destroy' on the game object instead. Destroying the transform component is not allowed.

Can't remove MeshFilter because tk2dSprite (Script) depends on it

Can't remove MeshRenderer because tk2dSprite (Script) depends on it

Can't destroy Transform component of 'Clash Tink'. If you want to destroy the game object, please call 'Destroy' on the game object instead. Destroying the transform component is not allowed.

Can't remove MeshFilter because tk2dSprite (Script) depends on it

Can't remove MeshRenderer because tk2dSprite (Script) depends on it

Can't destroy Transform component of 'Clash Tink'. If you want to destroy the game object, please call 'Destroy' on the game object instead. Destroying the transform component is not allowed.

AddEventHandlerComponent: PlayMakerFixedUpdate

Can't remove MeshFilter because tk2dSprite (Script) depends on it

Can't remove MeshRenderer because tk2dSprite (Script) depends on it

Can't destroy Transform component of 'Clash Tink'. If you want to destroy the game object, please call 'Destroy' on the game object instead. Destroying the transform component is not allowed.

Can't remove MeshFilter because tk2dSprite (Script) depends on it

Can't remove MeshRenderer because tk2dSprite (Script) depends on it

Can't destroy Transform component of 'Clash Tink'. If you want to destroy the game object, please call 'Destroy' on the game object instead. Destroying the transform component is not allowed.

Can't remove MeshFilter because tk2dSprite (Script) depends on it

Can't remove MeshRenderer because tk2dSprite (Script) depends on it

Can't destroy Transform component of 'Clash Tink'. If you want to destroy the game object, please call 'Destroy' on the game object instead. Destroying the transform component is not allowed.

Can't remove MeshFilter because tk2dSprite (Script) depends on it

Can't remove MeshRenderer because tk2dSprite (Script) depends on it

Can't destroy Transform component of 'Clash Tink'. If you want to destroy the game object, please call 'Destroy' on the game object instead. Destroying the transform component is not allowed.

Object Pool attached to GlobalPool has run out of Shockwave Spurt L prefabs, Instantiating an additional one.

Can't remove MeshFilter because tk2dSprite (Script) depends on it

Can't remove MeshRenderer because tk2dSprite (Script) depends on it

Can't destroy Transform component of 'Clash Tink'. If you want to destroy the game object, please call 'Destroy' on the game object instead. Destroying the transform component is not allowed.

Can't remove MeshFilter because tk2dSprite (Script) depends on it

Can't remove MeshRenderer because tk2dSprite (Script) depends on it

Can't destroy Transform component of 'Clash Tink'. If you want to destroy the game object, please call 'Destroy' on the game object instead. Destroying the transform component is not allowed.

Can't remove MeshFilter because tk2dSprite (Script) depends on it

Can't remove MeshRenderer because tk2dSprite (Script) depends on it

Can't destroy Transform component of 'Clash Tink'. If you want to destroy the game object, please call 'Destroy' on the game object instead. Destroying the transform component is not allowed.

Can't remove MeshFilter because tk2dSprite (Script) depends on it

Can't remove MeshRenderer because tk2dSprite (Script) depends on it

Can't destroy Transform component of 'Clash Tink'. If you want to destroy the game object, please call 'Destroy' on the game object instead. Destroying the transform component is not allowed.

Can't remove MeshFilter because tk2dSprite (Script) depends on it

Can't remove MeshRenderer because tk2dSprite (Script) depends on it

Can't destroy Transform component of 'Clash Tink'. If you want to destroy the game object, please call 'Destroy' on the game object instead. Destroying the transform component is not allowed.

Can't remove MeshFilter because tk2dSprite (Script) depends on it

Can't remove MeshRenderer because tk2dSprite (Script) depends on it

Can't destroy Transform component of 'Clash Tink'. If you want to destroy the game object, please call 'Destroy' on the game object instead. Destroying the transform component is not allowed.

Can't remove MeshFilter because tk2dSprite (Script) depends on it

Can't remove MeshRenderer because tk2dSprite (Script) depends on it

Can't destroy Transform component of 'Clash Tink'. If you want to destroy the game object, please call 'Destroy' on the game object instead. Destroying the transform component is not allowed.

Can't remove MeshFilter because tk2dSprite (Script) depends on it

Can't remove MeshRenderer because tk2dSprite (Script) depends on it

Can't destroy Transform component of 'Clash Tink'. If you want to destroy the game object, please call 'Destroy' on the game object instead. Destroying the transform component is not allowed.

Can't remove MeshFilter because tk2dSprite (Script) depends on it

Can't remove MeshRenderer because tk2dSprite (Script) depends on it

Can't destroy Transform component of 'Clash Tink'. If you want to destroy the game object, please call 'Destroy' on the game object instead. Destroying the transform component is not allowed.

Can't remove MeshFilter because tk2dSprite (Script) depends on it

Can't remove MeshRenderer because tk2dSprite (Script) depends on it

Can't destroy Transform component of 'Clash Tink'. If you want to destroy the game object, please call 'Destroy' on the game object instead. Destroying the transform component is not allowed.

Can't remove MeshFilter because tk2dSprite (Script) depends on it

Can't remove MeshRenderer because tk2dSprite (Script) depends on it

Can't destroy Transform component of 'Clash Tink'. If you want to destroy the game object, please call 'Destroy' on the game object instead. Destroying the transform component is not allowed.

Can't remove MeshFilter because tk2dSprite (Script) depends on it

Can't remove MeshRenderer because tk2dSprite (Script) depends on it

Can't destroy Transform component of 'Clash Tink'. If you want to destroy the game object, please call 'Destroy' on the game object instead. Destroying the transform component is not allowed.

Object Pool attached to GlobalPool has run out of Audio Player NoDestroy prefabs, Instantiating an additional one.

Can't remove MeshFilter because tk2dSprite (Script) depends on it

Can't remove MeshRenderer because tk2dSprite (Script) depends on it

Can't destroy Transform component of 'Clash Tink'. If you want to destroy the game object, please call 'Destroy' on the game object instead. Destroying the transform component is not allowed.

Can't remove MeshFilter because tk2dSprite (Script) depends on it

Can't remove MeshRenderer because tk2dSprite (Script) depends on it

Can't destroy Transform component of 'Clash Tink'. If you want to destroy the game object, please call 'Destroy' on the game object instead. Destroying the transform component is not allowed.

Can't remove MeshFilter because tk2dSprite (Script) depends on it

Can't remove MeshRenderer because tk2dSprite (Script) depends on it

Can't destroy Transform component of 'Clash Tink'. If you want to destroy the game object, please call 'Destroy' on the game object instead. Destroying the transform component is not allowed.

Can't remove MeshFilter because tk2dSprite (Script) depends on it

Can't remove MeshRenderer because tk2dSprite (Script) depends on it

Can't destroy Transform component of 'Clash Tink'. If you want to destroy the game object, please call 'Destroy' on the game object instead. Destroying the transform component is not allowed.

AddEventHandlerComponent: PlayMakerCollisionEnter2D

AddEventHandlerComponent: PlayMakerFixedUpdate

Can't remove MeshFilter because tk2dSprite (Script) depends on it

Can't remove MeshRenderer because tk2dSprite (Script) depends on it

Can't destroy Transform component of 'Clash Tink'. If you want to destroy the game object, please call 'Destroy' on the game object instead. Destroying the transform component is not allowed.

Can't remove MeshFilter because tk2dSprite (Script) depends on it

Can't remove MeshRenderer because tk2dSprite (Script) depends on it

Can't destroy Transform component of 'Clash Tink'. If you want to destroy the game object, please call 'Destroy' on the game object instead. Destroying the transform component is not allowed.

Can't remove MeshFilter because tk2dSprite (Script) depends on it

Can't remove MeshRenderer because tk2dSprite (Script) depends on it

Can't destroy Transform component of 'Clash Tink'. If you want to destroy the game object, please call 'Destroy' on the game object instead. Destroying the transform component is not allowed.

Can't remove MeshFilter because tk2dSprite (Script) depends on it

Can't remove MeshRenderer because tk2dSprite (Script) depends on it

Can't destroy Transform component of 'Clash Tink'. If you want to destroy the game object, please call 'Destroy' on the game object instead. Destroying the transform component is not allowed.

AddEventHandlerComponent: PlayMakerFixedUpdate

AddEventHandlerComponent: PlayMakerFixedUpdate

AddEventHandlerComponent: PlayMakerFixedUpdate

AddEventHandlerComponent: PlayMakerFixedUpdate

AddEventHandlerComponent: PlayMakerFixedUpdate

Deferring level start (marked as manual).

Deferring level start (marked as manual).

Unloading 29 Unused Serialized files (Serialized files now loaded: 4)

Unloading 1559 unused Assets to reduce memory usage. Loaded Objects now: 63745.
Total: 451.440700 ms (FindLiveObjects: 4.762500 ms CreateObjectMapping: 4.771500 ms MarkObjects: 435.934500 ms  DeleteObjects: 5.971700 ms)

Unable to get achievement CHARMED, because GOG is not authenticated.

Unable to push achievement CHARMED, because GOG is not authenticated.

AddEventHandlerComponent: PlayMakerFixedUpdate

AddEventHandlerComponent: PlayMakerFixedUpdate

AddEventHandlerComponent: PlayMakerFixedUpdate

AddEventHandlerComponent: PlayMakerFixedUpdate

AddEventHandlerComponent: PlayMakerFixedUpdate

AddEventHandlerComponent: PlayMakerFixedUpdate

AddEventHandlerComponent: PlayMakerFixedUpdate

AddEventHandlerComponent: PlayMakerFixedUpdate

AddEventHandlerComponent: PlayMakerFixedUpdate

Deferring level start (marked as manual).

AddEventHandlerComponent: PlayMakerFixedUpdate

AddEventHandlerComponent: PlayMakerFixedUpdate

AddEventHandlerComponent: PlayMakerFixedUpdate

AddEventHandlerComponent: PlayMakerFixedUpdate

AddEventHandlerComponent: PlayMakerFixedUpdate

AddEventHandlerComponent: PlayMakerFixedUpdate

Deferring level start (marked as manual).

AddEventHandlerComponent: PlayMakerFixedUpdate

AddEventHandlerComponent: PlayMakerFixedUpdate

AddEventHandlerComponent: PlayMakerFixedUpdate

AddEventHandlerComponent: PlayMakerFixedUpdate

Deferring level start (marked as manual).

AddEventHandlerComponent: PlayMakerFixedUpdate

PlayOneShot was called with a null AudioClip.

AddEventHandlerComponent: PlayMakerFixedUpdate

AddEventHandlerComponent: PlayMakerFixedUpdate

AddEventHandlerComponent: PlayMakerFixedUpdate

AddEventHandlerComponent: PlayMakerFixedUpdate

AddEventHandlerComponent: PlayMakerFixedUpdate

Additively loaded scene: Crossroads_10_boss in sequence

Can't remove MeshFilter because tk2dSprite (Script) depends on it

Can't remove MeshRenderer because tk2dSprite (Script) depends on it

Can't destroy Transform component of 'Clash Tink'. If you want to destroy the game object, please call 'Destroy' on the game object instead. Destroying the transform component is not allowed.

Can't remove MeshFilter because tk2dSprite (Script) depends on it

Can't remove MeshRenderer because tk2dSprite (Script) depends on it

Can't destroy Transform component of 'Clash Tink'. If you want to destroy the game object, please call 'Destroy' on the game object instead. Destroying the transform component is not allowed.

Can't remove MeshFilter because tk2dSprite (Script) depends on it

Can't remove MeshRenderer because tk2dSprite (Script) depends on it

Can't destroy Transform component of 'Clash Tink'. If you want to destroy the game object, please call 'Destroy' on the game object instead. Destroying the transform component is not allowed.

Can't remove MeshFilter because tk2dSprite (Script) depends on it

Can't remove MeshRenderer because tk2dSprite (Script) depends on it

Can't destroy Transform component of 'Clash Tink'. If you want to destroy the game object, please call 'Destroy' on the game object instead. Destroying the transform component is not allowed.

Can't remove MeshFilter because tk2dSprite (Script) depends on it

Can't remove MeshRenderer because tk2dSprite (Script) depends on it

Can't destroy Transform component of 'Clash Tink'. If you want to destroy the game object, please call 'Destroy' on the game object instead. Destroying the transform component is not allowed.

Can't remove MeshFilter because tk2dSprite (Script) depends on it

Can't remove MeshRenderer because tk2dSprite (Script) depends on it

Can't destroy Transform component of 'Clash Tink'. If you want to destroy the game object, please call 'Destroy' on the game object instead. Destroying the transform component is not allowed.

Can't remove MeshFilter because tk2dSprite (Script) depends on it

Can't remove MeshRenderer because tk2dSprite (Script) depends on it

Can't destroy Transform component of 'Clash Tink'. If you want to destroy the game object, please call 'Destroy' on the game object instead. Destroying the transform component is not allowed.

Can't remove MeshFilter because tk2dSprite (Script) depends on it

Can't remove MeshRenderer because tk2dSprite (Script) depends on it

Can't destroy Transform component of 'Clash Tink'. If you want to destroy the game object, please call 'Destroy' on the game object instead. Destroying the transform component is not allowed.

AddEventHandlerComponent: PlayMakerFixedUpdate

Can't remove MeshFilter because tk2dSprite (Script) depends on it

Can't remove MeshRenderer because tk2dSprite (Script) depends on it

Can't destroy Transform component of 'Clash Tink'. If you want to destroy the game object, please call 'Destroy' on the game object instead. Destroying the transform component is not allowed.

AddEventHandlerComponent: PlayMakerFixedUpdate

AddEventHandlerComponent: PlayMakerFixedUpdate

Can't remove MeshFilter because tk2dSprite (Script) depends on it

Can't remove MeshRenderer because tk2dSprite (Script) depends on it

Can't destroy Transform component of 'Clash Tink'. If you want to destroy the game object, please call 'Destroy' on the game object instead. Destroying the transform component is not allowed.

AddEventHandlerComponent: PlayMakerFixedUpdate

AddEventHandlerComponent: PlayMakerFixedUpdate

AddEventHandlerComponent: PlayMakerFixedUpdate

AddEventHandlerComponent: PlayMakerFixedUpdate

AddEventHandlerComponent: PlayMakerFixedUpdate

AddEventHandlerComponent: PlayMakerFixedUpdate

AddEventHandlerComponent: PlayMakerFixedUpdate

AddEventHandlerComponent: PlayMakerFixedUpdate

Can't remove MeshFilter because tk2dSprite (Script) depends on it

Can't remove MeshRenderer because tk2dSprite (Script) depends on it

Can't destroy Transform component of 'Clash Tink'. If you want to destroy the game object, please call 'Destroy' on the game object instead. Destroying the transform component is not allowed.

Can't remove MeshFilter because tk2dSprite (Script) depends on it

Can't remove MeshRenderer because tk2dSprite (Script) depends on it

Can't destroy Transform component of 'Clash Tink'. If you want to destroy the game object, please call 'Destroy' on the game object instead. Destroying the transform component is not allowed.

Can't remove MeshFilter because tk2dSprite (Script) depends on it

Can't remove MeshRenderer because tk2dSprite (Script) depends on it

Can't destroy Transform component of 'Clash Tink'. If you want to destroy the game object, please call 'Destroy' on the game object instead. Destroying the transform component is not allowed.

Can't remove MeshFilter because tk2dSprite (Script) depends on it

Can't remove MeshRenderer because tk2dSprite (Script) depends on it

Can't destroy Transform component of 'Clash Tink'. If you want to destroy the game object, please call 'Destroy' on the game object instead. Destroying the transform component is not allowed.

Can't remove MeshFilter because tk2dSprite (Script) depends on it

Can't remove MeshRenderer because tk2dSprite (Script) depends on it

Can't destroy Transform component of 'Clash Tink'. If you want to destroy the game object, please call 'Destroy' on the game object instead. Destroying the transform component is not allowed.

Can't remove MeshFilter because tk2dSprite (Script) depends on it

Can't remove MeshRenderer because tk2dSprite (Script) depends on it

Can't destroy Transform component of 'Clash Tink'. If you want to destroy the game object, please call 'Destroy' on the game object instead. Destroying the transform component is not allowed.

Can't remove MeshFilter because tk2dSprite (Script) depends on it

Can't remove MeshRenderer because tk2dSprite (Script) depends on it

Can't destroy Transform component of 'Clash Tink'. If you want to destroy the game object, please call 'Destroy' on the game object instead. Destroying the transform component is not allowed.

Can't remove MeshFilter because tk2dSprite (Script) depends on it

Can't remove MeshRenderer because tk2dSprite (Script) depends on it

Can't destroy Transform component of 'Clash Tink'. If you want to destroy the game object, please call 'Destroy' on the game object instead. Destroying the transform component is not allowed.

Can't remove MeshFilter because tk2dSprite (Script) depends on it

Can't remove MeshRenderer because tk2dSprite (Script) depends on it

Can't destroy Transform component of 'Clash Tink'. If you want to destroy the game object, please call 'Destroy' on the game object instead. Destroying the transform component is not allowed.

Can't remove MeshFilter because tk2dSprite (Script) depends on it

Can't remove MeshRenderer because tk2dSprite (Script) depends on it

Can't destroy Transform component of 'Clash Tink'. If you want to destroy the game object, please call 'Destroy' on the game object instead. Destroying the transform component is not allowed.

Can't remove MeshFilter because tk2dSprite (Script) depends on it

Can't remove MeshRenderer because tk2dSprite (Script) depends on it

Can't destroy Transform component of 'Clash Tink'. If you want to destroy the game object, please call 'Destroy' on the game object instead. Destroying the transform component is not allowed.

Can't remove MeshFilter because tk2dSprite (Script) depends on it

Can't remove MeshRenderer because tk2dSprite (Script) depends on it

Can't destroy Transform component of 'Clash Tink'. If you want to destroy the game object, please call 'Destroy' on the game object instead. Destroying the transform component is not allowed.

Can't remove MeshFilter because tk2dSprite (Script) depends on it

Can't remove MeshRenderer because tk2dSprite (Script) depends on it

Can't destroy Transform component of 'Clash Tink'. If you want to destroy the game object, please call 'Destroy' on the game object instead. Destroying the transform component is not allowed.

Can't remove MeshFilter because tk2dSprite (Script) depends on it

Can't remove MeshRenderer because tk2dSprite (Script) depends on it

Can't destroy Transform component of 'Clash Tink'. If you want to destroy the game object, please call 'Destroy' on the game object instead. Destroying the transform component is not allowed.

Can't remove MeshFilter because tk2dSprite (Script) depends on it

Can't remove MeshRenderer because tk2dSprite (Script) depends on it

Can't destroy Transform component of 'Clash Tink'. If you want to destroy the game object, please call 'Destroy' on the game object instead. Destroying the transform component is not allowed.

Can't remove MeshFilter because tk2dSprite (Script) depends on it

Can't remove MeshRenderer because tk2dSprite (Script) depends on it

Can't destroy Transform component of 'Clash Tink'. If you want to destroy the game object, please call 'Destroy' on the game object instead. Destroying the transform component is not allowed.

Can't remove MeshFilter because tk2dSprite (Script) depends on it

Can't remove MeshRenderer because tk2dSprite (Script) depends on it

Can't destroy Transform component of 'Clash Tink'. If you want to destroy the game object, please call 'Destroy' on the game object instead. Destroying the transform component is not allowed.

Can't remove MeshFilter because tk2dSprite (Script) depends on it

Can't remove MeshRenderer because tk2dSprite (Script) depends on it

Can't destroy Transform component of 'Clash Tink'. If you want to destroy the game object, please call 'Destroy' on the game object instead. Destroying the transform component is not allowed.

Can't remove MeshFilter because tk2dSprite (Script) depends on it

Can't remove MeshRenderer because tk2dSprite (Script) depends on it

Can't destroy Transform component of 'Clash Tink'. If you want to destroy the game object, please call 'Destroy' on the game object instead. Destroying the transform component is not allowed.

Can't remove MeshFilter because tk2dSprite (Script) depends on it

Can't remove MeshRenderer because tk2dSprite (Script) depends on it

Can't destroy Transform component of 'Clash Tink'. If you want to destroy the game object, please call 'Destroy' on the game object instead. Destroying the transform component is not allowed.

Can't remove MeshFilter because tk2dSprite (Script) depends on it

Can't remove MeshRenderer because tk2dSprite (Script) depends on it

Can't destroy Transform component of 'Clash Tink'. If you want to destroy the game object, please call 'Destroy' on the game object instead. Destroying the transform component is not allowed.

Can't remove MeshFilter because tk2dSprite (Script) depends on it

Can't remove MeshRenderer because tk2dSprite (Script) depends on it

Can't destroy Transform component of 'Clash Tink'. If you want to destroy the game object, please call 'Destroy' on the game object instead. Destroying the transform component is not allowed.

Can't remove MeshFilter because tk2dSprite (Script) depends on it

Can't remove MeshRenderer because tk2dSprite (Script) depends on it

Can't destroy Transform component of 'Clash Tink'. If you want to destroy the game object, please call 'Destroy' on the game object instead. Destroying the transform component is not allowed.

Can't remove MeshFilter because tk2dSprite (Script) depends on it

Can't remove MeshRenderer because tk2dSprite (Script) depends on it

Can't destroy Transform component of 'Clash Tink'. If you want to destroy the game object, please call 'Destroy' on the game object instead. Destroying the transform component is not allowed.

Can't remove MeshFilter because tk2dSprite (Script) depends on it

Can't remove MeshRenderer because tk2dSprite (Script) depends on it

Can't destroy Transform component of 'Clash Tink'. If you want to destroy the game object, please call 'Destroy' on the game object instead. Destroying the transform component is not allowed.

Can't remove MeshFilter because tk2dSprite (Script) depends on it

Can't remove MeshRenderer because tk2dSprite (Script) depends on it

Can't destroy Transform component of 'Clash Tink'. If you want to destroy the game object, please call 'Destroy' on the game object instead. Destroying the transform component is not allowed.

Can't remove MeshFilter because tk2dSprite (Script) depends on it

Can't remove MeshRenderer because tk2dSprite (Script) depends on it

Can't destroy Transform component of 'Clash Tink'. If you want to destroy the game object, please call 'Destroy' on the game object instead. Destroying the transform component is not allowed.

Can't remove MeshFilter because tk2dSprite (Script) depends on it

Can't remove MeshRenderer because tk2dSprite (Script) depends on it

Can't destroy Transform component of 'Clash Tink'. If you want to destroy the game object, please call 'Destroy' on the game object instead. Destroying the transform component is not allowed.

Can't remove MeshFilter because tk2dSprite (Script) depends on it

Can't remove MeshRenderer because tk2dSprite (Script) depends on it

Can't destroy Transform component of 'Clash Tink'. If you want to destroy the game object, please call 'Destroy' on the game object instead. Destroying the transform component is not allowed.

Can't remove MeshFilter because tk2dSprite (Script) depends on it

Can't remove MeshRenderer because tk2dSprite (Script) depends on it

Can't destroy Transform component of 'Clash Tink'. If you want to destroy the game object, please call 'Destroy' on the game object instead. Destroying the transform component is not allowed.

Can't remove MeshFilter because tk2dSprite (Script) depends on it

Can't remove MeshRenderer because tk2dSprite (Script) depends on it

Can't destroy Transform component of 'Clash Tink'. If you want to destroy the game object, please call 'Destroy' on the game object instead. Destroying the transform component is not allowed.

Can't remove MeshFilter because tk2dSprite (Script) depends on it

Can't remove MeshRenderer because tk2dSprite (Script) depends on it

Can't destroy Transform component of 'Clash Tink'. If you want to destroy the game object, please call 'Destroy' on the game object instead. Destroying the transform component is not allowed.

Can't remove MeshFilter because tk2dSprite (Script) depends on it

Can't remove MeshRenderer because tk2dSprite (Script) depends on it

Can't destroy Transform component of 'Clash Tink'. If you want to destroy the game object, please call 'Destroy' on the game object instead. Destroying the transform component is not allowed.

Can't remove MeshFilter because tk2dSprite (Script) depends on it

Can't remove MeshRenderer because tk2dSprite (Script) depends on it

Can't destroy Transform component of 'Clash Tink'. If you want to destroy the game object, please call 'Destroy' on the game object instead. Destroying the transform component is not allowed.

Can't remove MeshFilter because tk2dSprite (Script) depends on it

Can't remove MeshRenderer because tk2dSprite (Script) depends on it

Can't destroy Transform component of 'Clash Tink'. If you want to destroy the game object, please call 'Destroy' on the game object instead. Destroying the transform component is not allowed.

Can't remove MeshFilter because tk2dSprite (Script) depends on it

Can't remove MeshRenderer because tk2dSprite (Script) depends on it

Can't destroy Transform component of 'Clash Tink'. If you want to destroy the game object, please call 'Destroy' on the game object instead. Destroying the transform component is not allowed.

Can't remove MeshFilter because tk2dSprite (Script) depends on it

Can't remove MeshRenderer because tk2dSprite (Script) depends on it

Can't destroy Transform component of 'Clash Tink'. If you want to destroy the game object, please call 'Destroy' on the game object instead. Destroying the transform component is not allowed.

AddEventHandlerComponent: PlayMakerFixedUpdate

Can't remove MeshFilter because tk2dSprite (Script) depends on it

Can't remove MeshRenderer because tk2dSprite (Script) depends on it

Can't destroy Transform component of 'Clash Tink'. If you want to destroy the game object, please call 'Destroy' on the game object instead. Destroying the transform component is not allowed.

Can't remove MeshFilter because tk2dSprite (Script) depends on it

Can't remove MeshRenderer because tk2dSprite (Script) depends on it

Can't destroy Transform component of 'Clash Tink'. If you want to destroy the game object, please call 'Destroy' on the game object instead. Destroying the transform component is not allowed.

Can't remove MeshFilter because tk2dSprite (Script) depends on it

Can't remove MeshRenderer because tk2dSprite (Script) depends on it

Can't destroy Transform component of 'Clash Tink'. If you want to destroy the game object, please call 'Destroy' on the game object instead. Destroying the transform component is not allowed.

Can't remove MeshFilter because tk2dSprite (Script) depends on it

Can't remove MeshRenderer because tk2dSprite (Script) depends on it

Can't destroy Transform component of 'Clash Tink'. If you want to destroy the game object, please call 'Destroy' on the game object instead. Destroying the transform component is not allowed.

Can't remove MeshFilter because tk2dSprite (Script) depends on it

Can't remove MeshRenderer because tk2dSprite (Script) depends on it

Can't destroy Transform component of 'Clash Tink'. If you want to destroy the game object, please call 'Destroy' on the game object instead. Destroying the transform component is not allowed.

Can't remove MeshFilter because tk2dSprite (Script) depends on it

Can't remove MeshRenderer because tk2dSprite (Script) depends on it

Can't destroy Transform component of 'Clash Tink'. If you want to destroy the game object, please call 'Destroy' on the game object instead. Destroying the transform component is not allowed.

Can't remove MeshFilter because tk2dSprite (Script) depends on it

Can't remove MeshRenderer because tk2dSprite (Script) depends on it

Can't destroy Transform component of 'Clash Tink'. If you want to destroy the game object, please call 'Destroy' on the game object instead. Destroying the transform component is not allowed.

Can't remove MeshFilter because tk2dSprite (Script) depends on it

Can't remove MeshRenderer because tk2dSprite (Script) depends on it

Can't destroy Transform component of 'Clash Tink'. If you want to destroy the game object, please call 'Destroy' on the game object instead. Destroying the transform component is not allowed.

Can't remove MeshFilter because tk2dSprite (Script) depends on it

Can't remove MeshRenderer because tk2dSprite (Script) depends on it

Can't destroy Transform component of 'Clash Tink'. If you want to destroy the game object, please call 'Destroy' on the game object instead. Destroying the transform component is not allowed.

Can't remove MeshFilter because tk2dSprite (Script) depends on it

Can't remove MeshRenderer because tk2dSprite (Script) depends on it

Can't destroy Transform component of 'Clash Tink'. If you want to destroy the game object, please call 'Destroy' on the game object instead. Destroying the transform component is not allowed.

Can't remove MeshFilter because tk2dSprite (Script) depends on it

Can't remove MeshRenderer because tk2dSprite (Script) depends on it

Can't destroy Transform component of 'Clash Tink'. If you want to destroy the game object, please call 'Destroy' on the game object instead. Destroying the transform component is not allowed.

Can't remove MeshFilter because tk2dSprite (Script) depends on it

Can't remove MeshRenderer because tk2dSprite (Script) depends on it

Can't destroy Transform component of 'Clash Tink'. If you want to destroy the game object, please call 'Destroy' on the game object instead. Destroying the transform component is not allowed.

Can't remove MeshFilter because tk2dSprite (Script) depends on it

Can't remove MeshRenderer because tk2dSprite (Script) depends on it

Can't destroy Transform component of 'Clash Tink'. If you want to destroy the game object, please call 'Destroy' on the game object instead. Destroying the transform component is not allowed.

Can't remove MeshFilter because tk2dSprite (Script) depends on it

Can't remove MeshRenderer because tk2dSprite (Script) depends on it

Can't destroy Transform component of 'Clash Tink'. If you want to destroy the game object, please call 'Destroy' on the game object instead. Destroying the transform component is not allowed.

AddEventHandlerComponent: PlayMakerFixedUpdate

Can't remove MeshFilter because tk2dSprite (Script) depends on it

Can't remove MeshRenderer because tk2dSprite (Script) depends on it

Can't destroy Transform component of 'Clash Tink'. If you want to destroy the game object, please call 'Destroy' on the game object instead. Destroying the transform component is not allowed.

Can't remove MeshFilter because tk2dSprite (Script) depends on it

Can't remove MeshRenderer because tk2dSprite (Script) depends on it

Can't destroy Transform component of 'Clash Tink'. If you want to destroy the game object, please call 'Destroy' on the game object instead. Destroying the transform component is not allowed.

Can't remove MeshFilter because tk2dSprite (Script) depends on it

Can't remove MeshRenderer because tk2dSprite (Script) depends on it

Can't destroy Transform component of 'Clash Tink'. If you want to destroy the game object, please call 'Destroy' on the game object instead. Destroying the transform component is not allowed.

Can't remove MeshFilter because tk2dSprite (Script) depends on it

Can't remove MeshRenderer because tk2dSprite (Script) depends on it

Can't destroy Transform component of 'Clash Tink'. If you want to destroy the game object, please call 'Destroy' on the game object instead. Destroying the transform component is not allowed.

Can't remove MeshFilter because tk2dSprite (Script) depends on it

Can't remove MeshRenderer because tk2dSprite (Script) depends on it

Can't destroy Transform component of 'Clash Tink'. If you want to destroy the game object, please call 'Destroy' on the game object instead. Destroying the transform component is not allowed.

Can't remove MeshFilter because tk2dSprite (Script) depends on it

Can't remove MeshRenderer because tk2dSprite (Script) depends on it

Can't destroy Transform component of 'Clash Tink'. If you want to destroy the game object, please call 'Destroy' on the game object instead. Destroying the transform component is not allowed.

Can't remove MeshFilter because tk2dSprite (Script) depends on it

Can't remove MeshRenderer because tk2dSprite (Script) depends on it

Can't destroy Transform component of 'Clash Tink'. If you want to destroy the game object, please call 'Destroy' on the game object instead. Destroying the transform component is not allowed.

Can't remove MeshFilter because tk2dSprite (Script) depends on it

Can't remove MeshRenderer because tk2dSprite (Script) depends on it

Can't destroy Transform component of 'Clash Tink'. If you want to destroy the game object, please call 'Destroy' on the game object instead. Destroying the transform component is not allowed.

Can't remove MeshFilter because tk2dSprite (Script) depends on it

Can't remove MeshRenderer because tk2dSprite (Script) depends on it

Can't destroy Transform component of 'Clash Tink'. If you want to destroy the game object, please call 'Destroy' on the game object instead. Destroying the transform component is not allowed.

Can't remove MeshFilter because tk2dSprite (Script) depends on it

Can't remove MeshRenderer because tk2dSprite (Script) depends on it

Can't destroy Transform component of 'Clash Tink'. If you want to destroy the game object, please call 'Destroy' on the game object instead. Destroying the transform component is not allowed.

Can't remove MeshFilter because tk2dSprite (Script) depends on it

Can't remove MeshRenderer because tk2dSprite (Script) depends on it

Can't destroy Transform component of 'Clash Tink'. If you want to destroy the game object, please call 'Destroy' on the game object instead. Destroying the transform component is not allowed.

Can't remove MeshFilter because tk2dSprite (Script) depends on it

Can't remove MeshRenderer because tk2dSprite (Script) depends on it

Can't destroy Transform component of 'Clash Tink'. If you want to destroy the game object, please call 'Destroy' on the game object instead. Destroying the transform component is not allowed.

Can't remove MeshFilter because tk2dSprite (Script) depends on it

Can't remove MeshRenderer because tk2dSprite (Script) depends on it

Can't destroy Transform component of 'Clash Tink'. If you want to destroy the game object, please call 'Destroy' on the game object instead. Destroying the transform component is not allowed.

Can't remove MeshFilter because tk2dSprite (Script) depends on it

Can't remove MeshRenderer because tk2dSprite (Script) depends on it

Can't destroy Transform component of 'Clash Tink'. If you want to destroy the game object, please call 'Destroy' on the game object instead. Destroying the transform component is not allowed.

Can't remove MeshFilter because tk2dSprite (Script) depends on it

Can't remove MeshRenderer because tk2dSprite (Script) depends on it

Can't destroy Transform component of 'Clash Tink'. If you want to destroy the game object, please call 'Destroy' on the game object instead. Destroying the transform component is not allowed.

Can't remove MeshFilter because tk2dSprite (Script) depends on it

Can't remove MeshRenderer because tk2dSprite (Script) depends on it

Can't destroy Transform component of 'Clash Tink'. If you want to destroy the game object, please call 'Destroy' on the game object instead. Destroying the transform component is not allowed.

AddEventHandlerComponent: PlayMakerFixedUpdate

AddEventHandlerComponent: PlayMakerFixedUpdate

AddEventHandlerComponent: PlayMakerFixedUpdate

AddEventHandlerComponent: PlayMakerFixedUpdate

AddEventHandlerComponent: PlayMakerFixedUpdate

AddEventHandlerComponent: PlayMakerFixedUpdate

AddEventHandlerComponent: PlayMakerFixedUpdate

AddEventHandlerComponent: PlayMakerFixedUpdate

Can't remove MeshFilter because tk2dSprite (Script) depends on it

Can't remove MeshRenderer because tk2dSprite (Script) depends on it

Can't destroy Transform component of 'Clash Tink'. If you want to destroy the game object, please call 'Destroy' on the game object instead. Destroying the transform component is not allowed.

Can't remove MeshFilter because tk2dSprite (Script) depends on it

Can't remove MeshRenderer because tk2dSprite (Script) depends on it

Can't destroy Transform component of 'Clash Tink'. If you want to destroy the game object, please call 'Destroy' on the game object instead. Destroying the transform component is not allowed.

Can't remove MeshFilter because tk2dSprite (Script) depends on it

Can't remove MeshRenderer because tk2dSprite (Script) depends on it

Can't destroy Transform component of 'Clash Tink'. If you want to destroy the game object, please call 'Destroy' on the game object instead. Destroying the transform component is not allowed.

Object Pool attached to GlobalPool has run out of Particle Rock Tiny Transient Plain prefabs, Instantiating an additional one.

Cannot use 'velocity' on a static body.

Object Pool attached to GlobalPool has run out of Particle Rock Tiny Transient Plain prefabs, Instantiating an additional one.

Cannot use 'velocity' on a static body.

Object Pool attached to GlobalPool has run out of Particle Rock Tiny Transient Plain prefabs, Instantiating an additional one.

Cannot use 'velocity' on a static body.

Object Pool attached to GlobalPool has run out of Particle Rock Tiny Transient Plain prefabs, Instantiating an additional one.

Cannot use 'velocity' on a static body.

Object Pool attached to GlobalPool has run out of Particle Rock Tiny Transient Plain prefabs, Instantiating an additional one.

Cannot use 'velocity' on a static body.

Object Pool attached to GlobalPool has run out of Particle Rock Tiny Transient Plain prefabs, Instantiating an additional one.

Cannot use 'velocity' on a static body.

Object Pool attached to GlobalPool has run out of Particle Rock Tiny Transient Plain prefabs, Instantiating an additional one.

Cannot use 'velocity' on a static body.

Object Pool attached to GlobalPool has run out of Particle Rock Tiny Transient Plain prefabs, Instantiating an additional one.

Cannot use 'velocity' on a static body.

Object Pool attached to GlobalPool has run out of Particle Rock Tiny Transient Plain prefabs, Instantiating an additional one.

Cannot use 'velocity' on a static body.

Object Pool attached to GlobalPool has run out of Particle Rock Tiny Transient Plain prefabs, Instantiating an additional one.

Cannot use 'velocity' on a static body.

Object Pool attached to GlobalPool has run out of Particle Rock Tiny Transient Plain prefabs, Instantiating an additional one.

Cannot use 'velocity' on a static body.

Object Pool attached to GlobalPool has run out of Particle Rock Tiny Transient Plain prefabs, Instantiating an additional one.

Cannot use 'velocity' on a static body.

Object Pool attached to GlobalPool has run out of Particle Rock Tiny Transient Plain prefabs, Instantiating an additional one.

Cannot use 'velocity' on a static body.

Object Pool attached to GlobalPool has run out of Particle Rock Tiny Transient Plain prefabs, Instantiating an additional one.

Cannot use 'velocity' on a static body.

Object Pool attached to GlobalPool has run out of Particle Rock Tiny Transient Plain prefabs, Instantiating an additional one.

Cannot use 'velocity' on a static body.

Object Pool attached to GlobalPool has run out of Particle Rock Tiny Transient Plain prefabs, Instantiating an additional one.

Cannot use 'velocity' on a static body.

Object Pool attached to GlobalPool has run out of Particle Rock Tiny Transient Plain prefabs, Instantiating an additional one.

Cannot use 'velocity' on a static body.

Object Pool attached to GlobalPool has run out of Particle Rock Tiny Transient Plain prefabs, Instantiating an additional one.

Cannot use 'velocity' on a static body.

Object Pool attached to GlobalPool has run out of Particle Rock Tiny Transient Plain prefabs, Instantiating an additional one.

Cannot use 'velocity' on a static body.

Object Pool attached to GlobalPool has run out of Particle Rock Tiny Transient Plain prefabs, Instantiating an additional one.

Cannot use 'velocity' on a static body.

Object Pool attached to GlobalPool has run out of Particle Rock Tiny Transient Plain prefabs, Instantiating an additional one.

Cannot use 'velocity' on a static body.

Object Pool attached to GlobalPool has run out of Particle Rock Tiny Transient Plain prefabs, Instantiating an additional one.

Cannot use 'velocity' on a static body.

Object Pool attached to GlobalPool has run out of Particle Rock Tiny Transient Plain prefabs, Instantiating an additional one.

Cannot use 'velocity' on a static body.

Object Pool attached to GlobalPool has run out of Particle Rock Tiny Transient Plain prefabs, Instantiating an additional one.

Cannot use 'velocity' on a static body.

Object Pool attached to GlobalPool has run out of Particle Rock Tiny Transient Plain prefabs, Instantiating an additional one.

Cannot use 'velocity' on a static body.

Object Pool attached to GlobalPool has run out of Particle Rock Tiny Transient Plain prefabs, Instantiating an additional one.

Cannot use 'velocity' on a static body.

Object Pool attached to GlobalPool has run out of Particle Rock Tiny Transient Plain prefabs, Instantiating an additional one.

Cannot use 'velocity' on a static body.

Object Pool attached to GlobalPool has run out of Particle Rock Tiny Transient Plain prefabs, Instantiating an additional one.

Cannot use 'velocity' on a static body.

Object Pool attached to GlobalPool has run out of Particle Rock Tiny Transient Plain prefabs, Instantiating an additional one.

Cannot use 'velocity' on a static body.

Object Pool attached to GlobalPool has run out of Particle Rock Tiny Transient Plain prefabs, Instantiating an additional one.

Cannot use 'velocity' on a static body.

Can't remove MeshFilter because tk2dSprite (Script) depends on it

Can't remove MeshRenderer because tk2dSprite (Script) depends on it

Can't destroy Transform component of 'Clash Tink'. If you want to destroy the game object, please call 'Destroy' on the game object instead. Destroying the transform component is not allowed.

Can't remove MeshFilter because tk2dSprite (Script) depends on it

Can't remove MeshRenderer because tk2dSprite (Script) depends on it

Can't destroy Transform component of 'Clash Tink'. If you want to destroy the game object, please call 'Destroy' on the game object instead. Destroying the transform component is not allowed.

Can't remove MeshFilter because tk2dSprite (Script) depends on it

Can't remove MeshRenderer because tk2dSprite (Script) depends on it

Can't destroy Transform component of 'Clash Tink'. If you want to destroy the game object, please call 'Destroy' on the game object instead. Destroying the transform component is not allowed.

Can't remove MeshFilter because tk2dSprite (Script) depends on it

Can't remove MeshRenderer because tk2dSprite (Script) depends on it

Can't destroy Transform component of 'Clash Tink'. If you want to destroy the game object, please call 'Destroy' on the game object instead. Destroying the transform component is not allowed.

Can't remove MeshFilter because tk2dSprite (Script) depends on it

Can't remove MeshRenderer because tk2dSprite (Script) depends on it

Can't destroy Transform component of 'Clash Tink'. If you want to destroy the game object, please call 'Destroy' on the game object instead. Destroying the transform component is not allowed.

Can't remove MeshFilter because tk2dSprite (Script) depends on it

Can't remove MeshRenderer because tk2dSprite (Script) depends on it

Can't destroy Transform component of 'Clash Tink'. If you want to destroy the game object, please call 'Destroy' on the game object instead. Destroying the transform component is not allowed.

Can't remove MeshFilter because tk2dSprite (Script) depends on it

Can't remove MeshRenderer because tk2dSprite (Script) depends on it

Can't destroy Transform component of 'Clash Tink'. If you want to destroy the game object, please call 'Destroy' on the game object instead. Destroying the transform component is not allowed.

Can't remove MeshFilter because tk2dSprite (Script) depends on it

Can't remove MeshRenderer because tk2dSprite (Script) depends on it

Can't destroy Transform component of 'Clash Tink'. If you want to destroy the game object, please call 'Destroy' on the game object instead. Destroying the transform component is not allowed.

Can't remove MeshFilter because tk2dSprite (Script) depends on it

Can't remove MeshRenderer because tk2dSprite (Script) depends on it

Can't destroy Transform component of 'Clash Tink'. If you want to destroy the game object, please call 'Destroy' on the game object instead. Destroying the transform component is not allowed.

Can't remove MeshFilter because tk2dSprite (Script) depends on it

Can't remove MeshRenderer because tk2dSprite (Script) depends on it

Can't destroy Transform component of 'Clash Tink'. If you want to destroy the game object, please call 'Destroy' on the game object instead. Destroying the transform component is not allowed.

Can't remove MeshFilter because tk2dSprite (Script) depends on it

Can't remove MeshRenderer because tk2dSprite (Script) depends on it

Can't destroy Transform component of 'Clash Tink'. If you want to destroy the game object, please call 'Destroy' on the game object instead. Destroying the transform component is not allowed.

Can't remove MeshFilter because tk2dSprite (Script) depends on it

Can't remove MeshRenderer because tk2dSprite (Script) depends on it

Can't destroy Transform component of 'Clash Tink'. If you want to destroy the game object, please call 'Destroy' on the game object instead. Destroying the transform component is not allowed.

Can't remove MeshFilter because tk2dSprite (Script) depends on it

Can't remove MeshRenderer because tk2dSprite (Script) depends on it

Can't destroy Transform component of 'Clash Tink'. If you want to destroy the game object, please call 'Destroy' on the game object instead. Destroying the transform component is not allowed.

Can't remove MeshFilter because tk2dSprite (Script) depends on it

Can't remove MeshRenderer because tk2dSprite (Script) depends on it

Can't destroy Transform component of 'Clash Tink'. If you want to destroy the game object, please call 'Destroy' on the game object instead. Destroying the transform component is not allowed.

Can't remove MeshFilter because tk2dSprite (Script) depends on it

Can't remove MeshRenderer because tk2dSprite (Script) depends on it

Can't destroy Transform component of 'Clash Tink'. If you want to destroy the game object, please call 'Destroy' on the game object instead. Destroying the transform component is not allowed.

Can't remove MeshFilter because tk2dSprite (Script) depends on it

Can't remove MeshRenderer because tk2dSprite (Script) depends on it

Can't destroy Transform component of 'Clash Tink'. If you want to destroy the game object, please call 'Destroy' on the game object instead. Destroying the transform component is not allowed.

Can't remove MeshFilter because tk2dSprite (Script) depends on it

Can't remove MeshRenderer because tk2dSprite (Script) depends on it

Can't destroy Transform component of 'Clash Tink'. If you want to destroy the game object, please call 'Destroy' on the game object instead. Destroying the transform component is not allowed.

Can't remove MeshFilter because tk2dSprite (Script) depends on it

Can't remove MeshRenderer because tk2dSprite (Script) depends on it

Can't destroy Transform component of 'Clash Tink'. If you want to destroy the game object, please call 'Destroy' on the game object instead. Destroying the transform component is not allowed.

Can't remove MeshFilter because tk2dSprite (Script) depends on it

Can't remove MeshRenderer because tk2dSprite (Script) depends on it

Can't destroy Transform component of 'Clash Tink'. If you want to destroy the game object, please call 'Destroy' on the game object instead. Destroying the transform component is not allowed.

Can't remove MeshFilter because tk2dSprite (Script) depends on it

Can't remove MeshRenderer because tk2dSprite (Script) depends on it

Can't destroy Transform component of 'Clash Tink'. If you want to destroy the game object, please call 'Destroy' on the game object instead. Destroying the transform component is not allowed.

Can't remove MeshFilter because tk2dSprite (Script) depends on it

Can't remove MeshRenderer because tk2dSprite (Script) depends on it

Can't destroy Transform component of 'Clash Tink'. If you want to destroy the game object, please call 'Destroy' on the game object instead. Destroying the transform component is not allowed.

Can't remove MeshFilter because tk2dSprite (Script) depends on it

Can't remove MeshRenderer because tk2dSprite (Script) depends on it

Can't destroy Transform component of 'Clash Tink'. If you want to destroy the game object, please call 'Destroy' on the game object instead. Destroying the transform component is not allowed.

Can't remove MeshFilter because tk2dSprite (Script) depends on it

Can't remove MeshRenderer because tk2dSprite (Script) depends on it

Can't destroy Transform component of 'Clash Tink'. If you want to destroy the game object, please call 'Destroy' on the game object instead. Destroying the transform component is not allowed.

Can't remove MeshFilter because tk2dSprite (Script) depends on it

Can't remove MeshRenderer because tk2dSprite (Script) depends on it

Can't destroy Transform component of 'Clash Tink'. If you want to destroy the game object, please call 'Destroy' on the game object instead. Destroying the transform component is not allowed.

Can't remove MeshFilter because tk2dSprite (Script) depends on it

Can't remove MeshRenderer because tk2dSprite (Script) depends on it

Can't destroy Transform component of 'Clash Tink'. If you want to destroy the game object, please call 'Destroy' on the game object instead. Destroying the transform component is not allowed.

Can't remove MeshFilter because tk2dSprite (Script) depends on it

Can't remove MeshRenderer because tk2dSprite (Script) depends on it

Can't destroy Transform component of 'Clash Tink'. If you want to destroy the game object, please call 'Destroy' on the game object instead. Destroying the transform component is not allowed.

Can't remove MeshFilter because tk2dSprite (Script) depends on it

Can't remove MeshRenderer because tk2dSprite (Script) depends on it

Can't destroy Transform component of 'Clash Tink'. If you want to destroy the game object, please call 'Destroy' on the game object instead. Destroying the transform component is not allowed.

Can't remove MeshFilter because tk2dSprite (Script) depends on it

Can't remove MeshRenderer because tk2dSprite (Script) depends on it

Can't destroy Transform component of 'Clash Tink'. If you want to destroy the game object, please call 'Destroy' on the game object instead. Destroying the transform component is not allowed.

Can't remove MeshFilter because tk2dSprite (Script) depends on it

Can't remove MeshRenderer because tk2dSprite (Script) depends on it

Can't destroy Transform component of 'Clash Tink'. If you want to destroy the game object, please call 'Destroy' on the game object instead. Destroying the transform component is not allowed.

Can't remove MeshFilter because tk2dSprite (Script) depends on it

Can't remove MeshRenderer because tk2dSprite (Script) depends on it

Can't destroy Transform component of 'Clash Tink'. If you want to destroy the game object, please call 'Destroy' on the game object instead. Destroying the transform component is not allowed.

Can't remove MeshFilter because tk2dSprite (Script) depends on it

Can't remove MeshRenderer because tk2dSprite (Script) depends on it

Can't destroy Transform component of 'Clash Tink'. If you want to destroy the game object, please call 'Destroy' on the game object instead. Destroying the transform component is not allowed.

Can't remove MeshFilter because tk2dSprite (Script) depends on it

Can't remove MeshRenderer because tk2dSprite (Script) depends on it

Can't destroy Transform component of 'Clash Tink'. If you want to destroy the game object, please call 'Destroy' on the game object instead. Destroying the transform component is not allowed.

Can't remove MeshFilter because tk2dSprite (Script) depends on it

Can't remove MeshRenderer because tk2dSprite (Script) depends on it

Can't destroy Transform component of 'Clash Tink'. If you want to destroy the game object, please call 'Destroy' on the game object instead. Destroying the transform component is not allowed.

Can't remove MeshFilter because tk2dSprite (Script) depends on it

Can't remove MeshRenderer because tk2dSprite (Script) depends on it

Can't destroy Transform component of 'Clash Tink'. If you want to destroy the game object, please call 'Destroy' on the game object instead. Destroying the transform component is not allowed.

Can't remove MeshFilter because tk2dSprite (Script) depends on it

Can't remove MeshRenderer because tk2dSprite (Script) depends on it

Can't destroy Transform component of 'Clash Tink'. If you want to destroy the game object, please call 'Destroy' on the game object instead. Destroying the transform component is not allowed.

Can't remove MeshFilter because tk2dSprite (Script) depends on it

Can't remove MeshRenderer because tk2dSprite (Script) depends on it

Can't destroy Transform component of 'Clash Tink'. If you want to destroy the game object, please call 'Destroy' on the game object instead. Destroying the transform component is not allowed.

Can't remove MeshFilter because tk2dSprite (Script) depends on it

Can't remove MeshRenderer because tk2dSprite (Script) depends on it

Can't destroy Transform component of 'Clash Tink'. If you want to destroy the game object, please call 'Destroy' on the game object instead. Destroying the transform component is not allowed.

Can't remove MeshFilter because tk2dSprite (Script) depends on it

Can't remove MeshRenderer because tk2dSprite (Script) depends on it

Can't destroy Transform component of 'Clash Tink'. If you want to destroy the game object, please call 'Destroy' on the game object instead. Destroying the transform component is not allowed.

Can't remove MeshFilter because tk2dSprite (Script) depends on it

Can't remove MeshRenderer because tk2dSprite (Script) depends on it

Can't destroy Transform component of 'Clash Tink'. If you want to destroy the game object, please call 'Destroy' on the game object instead. Destroying the transform component is not allowed.

Can't remove MeshFilter because tk2dSprite (Script) depends on it

Can't remove MeshRenderer because tk2dSprite (Script) depends on it

Can't destroy Transform component of 'Clash Tink'. If you want to destroy the game object, please call 'Destroy' on the game object instead. Destroying the transform component is not allowed.

Can't remove MeshFilter because tk2dSprite (Script) depends on it

Can't remove MeshRenderer because tk2dSprite (Script) depends on it

Can't destroy Transform component of 'Clash Tink'. If you want to destroy the game object, please call 'Destroy' on the game object instead. Destroying the transform component is not allowed.

Can't remove MeshFilter because tk2dSprite (Script) depends on it

Can't remove MeshRenderer because tk2dSprite (Script) depends on it

Can't destroy Transform component of 'Clash Tink'. If you want to destroy the game object, please call 'Destroy' on the game object instead. Destroying the transform component is not allowed.

Can't remove MeshFilter because tk2dSprite (Script) depends on it

Can't remove MeshRenderer because tk2dSprite (Script) depends on it

Can't destroy Transform component of 'Clash Tink'. If you want to destroy the game object, please call 'Destroy' on the game object instead. Destroying the transform component is not allowed.

Can't remove MeshFilter because tk2dSprite (Script) depends on it

Can't remove MeshRenderer because tk2dSprite (Script) depends on it

Can't destroy Transform component of 'Clash Tink'. If you want to destroy the game object, please call 'Destroy' on the game object instead. Destroying the transform component is not allowed.

Can't remove MeshFilter because tk2dSprite (Script) depends on it

Can't remove MeshRenderer because tk2dSprite (Script) depends on it

Can't destroy Transform component of 'Clash Tink'. If you want to destroy the game object, please call 'Destroy' on the game object instead. Destroying the transform component is not allowed.

Can't remove MeshFilter because tk2dSprite (Script) depends on it

Can't remove MeshRenderer because tk2dSprite (Script) depends on it

Can't destroy Transform component of 'Clash Tink'. If you want to destroy the game object, please call 'Destroy' on the game object instead. Destroying the transform component is not allowed.

Can't remove MeshFilter because tk2dSprite (Script) depends on it

Can't remove MeshRenderer because tk2dSprite (Script) depends on it

Can't destroy Transform component of 'Clash Tink'. If you want to destroy the game object, please call 'Destroy' on the game object instead. Destroying the transform component is not allowed.

Can't remove MeshFilter because tk2dSprite (Script) depends on it

Can't remove MeshRenderer because tk2dSprite (Script) depends on it

Can't destroy Transform component of 'Clash Tink'. If you want to destroy the game object, please call 'Destroy' on the game object instead. Destroying the transform component is not allowed.

Can't remove MeshFilter because tk2dSprite (Script) depends on it

Can't remove MeshRenderer because tk2dSprite (Script) depends on it

Can't destroy Transform component of 'Clash Tink'. If you want to destroy the game object, please call 'Destroy' on the game object instead. Destroying the transform component is not allowed.

Can't remove MeshFilter because tk2dSprite (Script) depends on it

Can't remove MeshRenderer because tk2dSprite (Script) depends on it

Can't destroy Transform component of 'Clash Tink'. If you want to destroy the game object, please call 'Destroy' on the game object instead. Destroying the transform component is not allowed.

Can't remove MeshFilter because tk2dSprite (Script) depends on it

Can't remove MeshRenderer because tk2dSprite (Script) depends on it

Can't destroy Transform component of 'Clash Tink'. If you want to destroy the game object, please call 'Destroy' on the game object instead. Destroying the transform component is not allowed.

Can't remove MeshFilter because tk2dSprite (Script) depends on it

Can't remove MeshRenderer because tk2dSprite (Script) depends on it

Can't destroy Transform component of 'Clash Tink'. If you want to destroy the game object, please call 'Destroy' on the game object instead. Destroying the transform component is not allowed.

Can't remove MeshFilter because tk2dSprite (Script) depends on it

Can't remove MeshRenderer because tk2dSprite (Script) depends on it

Can't destroy Transform component of 'Clash Tink'. If you want to destroy the game object, please call 'Destroy' on the game object instead. Destroying the transform component is not allowed.

Can't remove MeshFilter because tk2dSprite (Script) depends on it

Can't remove MeshRenderer because tk2dSprite (Script) depends on it

Can't destroy Transform component of 'Clash Tink'. If you want to destroy the game object, please call 'Destroy' on the game object instead. Destroying the transform component is not allowed.

Can't remove MeshFilter because tk2dSprite (Script) depends on it

Can't remove MeshRenderer because tk2dSprite (Script) depends on it

Can't destroy Transform component of 'Clash Tink'. If you want to destroy the game object, please call 'Destroy' on the game object instead. Destroying the transform component is not allowed.

Can't remove MeshFilter because tk2dSprite (Script) depends on it

Can't remove MeshRenderer because tk2dSprite (Script) depends on it

Can't destroy Transform component of 'Clash Tink'. If you want to destroy the game object, please call 'Destroy' on the game object instead. Destroying the transform component is not allowed.

Can't remove MeshFilter because tk2dSprite (Script) depends on it

Can't remove MeshRenderer because tk2dSprite (Script) depends on it

Can't destroy Transform component of 'Clash Tink'. If you want to destroy the game object, please call 'Destroy' on the game object instead. Destroying the transform component is not allowed.

Can't remove MeshFilter because tk2dSprite (Script) depends on it

Can't remove MeshRenderer because tk2dSprite (Script) depends on it

Can't destroy Transform component of 'Clash Tink'. If you want to destroy the game object, please call 'Destroy' on the game object instead. Destroying the transform component is not allowed.

Can't remove MeshFilter because tk2dSprite (Script) depends on it

Can't remove MeshRenderer because tk2dSprite (Script) depends on it

Can't destroy Transform component of 'Clash Tink'. If you want to destroy the game object, please call 'Destroy' on the game object instead. Destroying the transform component is not allowed.

Can't remove MeshFilter because tk2dSprite (Script) depends on it

Can't remove MeshRenderer because tk2dSprite (Script) depends on it

Can't destroy Transform component of 'Clash Tink'. If you want to destroy the game object, please call 'Destroy' on the game object instead. Destroying the transform component is not allowed.

Can't remove MeshFilter because tk2dSprite (Script) depends on it

Can't remove MeshRenderer because tk2dSprite (Script) depends on it

Can't destroy Transform component of 'Clash Tink'. If you want to destroy the game object, please call 'Destroy' on the game object instead. Destroying the transform component is not allowed.

Can't remove MeshFilter because tk2dSprite (Script) depends on it

Can't remove MeshRenderer because tk2dSprite (Script) depends on it

Can't destroy Transform component of 'Clash Tink'. If you want to destroy the game object, please call 'Destroy' on the game object instead. Destroying the transform component is not allowed.

Can't remove MeshFilter because tk2dSprite (Script) depends on it

Can't remove MeshRenderer because tk2dSprite (Script) depends on it

Can't destroy Transform component of 'Clash Tink'. If you want to destroy the game object, please call 'Destroy' on the game object instead. Destroying the transform component is not allowed.

Can't remove MeshFilter because tk2dSprite (Script) depends on it

Can't remove MeshRenderer because tk2dSprite (Script) depends on it

Can't destroy Transform component of 'Clash Tink'. If you want to destroy the game object, please call 'Destroy' on the game object instead. Destroying the transform component is not allowed.

Can't remove MeshFilter because tk2dSprite (Script) depends on it

Can't remove MeshRenderer because tk2dSprite (Script) depends on it

Can't destroy Transform component of 'Clash Tink'. If you want to destroy the game object, please call 'Destroy' on the game object instead. Destroying the transform component is not allowed.

Can't remove MeshFilter because tk2dSprite (Script) depends on it

Can't remove MeshRenderer because tk2dSprite (Script) depends on it

Can't destroy Transform component of 'Clash Tink'. If you want to destroy the game object, please call 'Destroy' on the game object instead. Destroying the transform component is not allowed.

Can't remove MeshFilter because tk2dSprite (Script) depends on it

Can't remove MeshRenderer because tk2dSprite (Script) depends on it

Can't destroy Transform component of 'Clash Tink'. If you want to destroy the game object, please call 'Destroy' on the game object instead. Destroying the transform component is not allowed.

Can't remove MeshFilter because tk2dSprite (Script) depends on it

Can't remove MeshRenderer because tk2dSprite (Script) depends on it

Can't destroy Transform component of 'Clash Tink'. If you want to destroy the game object, please call 'Destroy' on the game object instead. Destroying the transform component is not allowed.

Can't remove MeshFilter because tk2dSprite (Script) depends on it

Can't remove MeshRenderer because tk2dSprite (Script) depends on it

Can't destroy Transform component of 'Clash Tink'. If you want to destroy the game object, please call 'Destroy' on the game object instead. Destroying the transform component is not allowed.

Can't remove MeshFilter because tk2dSprite (Script) depends on it

Can't remove MeshRenderer because tk2dSprite (Script) depends on it

Can't destroy Transform component of 'Clash Tink'. If you want to destroy the game object, please call 'Destroy' on the game object instead. Destroying the transform component is not allowed.

Can't remove MeshFilter because tk2dSprite (Script) depends on it

Can't remove MeshRenderer because tk2dSprite (Script) depends on it

Can't destroy Transform component of 'Clash Tink'. If you want to destroy the game object, please call 'Destroy' on the game object instead. Destroying the transform component is not allowed.

Can't remove MeshFilter because tk2dSprite (Script) depends on it

Can't remove MeshRenderer because tk2dSprite (Script) depends on it

Can't destroy Transform component of 'Clash Tink'. If you want to destroy the game object, please call 'Destroy' on the game object instead. Destroying the transform component is not allowed.

Can't remove MeshFilter because tk2dSprite (Script) depends on it

Can't remove MeshRenderer because tk2dSprite (Script) depends on it

Can't destroy Transform component of 'Clash Tink'. If you want to destroy the game object, please call 'Destroy' on the game object instead. Destroying the transform component is not allowed.

Can't remove MeshFilter because tk2dSprite (Script) depends on it

Can't remove MeshRenderer because tk2dSprite (Script) depends on it

Can't destroy Transform component of 'Clash Tink'. If you want to destroy the game object, please call 'Destroy' on the game object instead. Destroying the transform component is not allowed.

Can't remove MeshFilter because tk2dSprite (Script) depends on it

Can't remove MeshRenderer because tk2dSprite (Script) depends on it

Can't destroy Transform component of 'Clash Tink'. If you want to destroy the game object, please call 'Destroy' on the game object instead. Destroying the transform component is not allowed.

Can't remove MeshFilter because tk2dSprite (Script) depends on it

Can't remove MeshRenderer because tk2dSprite (Script) depends on it

Can't destroy Transform component of 'Clash Tink'. If you want to destroy the game object, please call 'Destroy' on the game object instead. Destroying the transform component is not allowed.

Can't remove MeshFilter because tk2dSprite (Script) depends on it

Can't remove MeshRenderer because tk2dSprite (Script) depends on it

Can't destroy Transform component of 'Clash Tink'. If you want to destroy the game object, please call 'Destroy' on the game object instead. Destroying the transform component is not allowed.

Can't remove MeshFilter because tk2dSprite (Script) depends on it

Can't remove MeshRenderer because tk2dSprite (Script) depends on it

Can't destroy Transform component of 'Clash Tink'. If you want to destroy the game object, please call 'Destroy' on the game object instead. Destroying the transform component is not allowed.

Can't remove MeshFilter because tk2dSprite (Script) depends on it

Can't remove MeshRenderer because tk2dSprite (Script) depends on it

Can't destroy Transform component of 'Clash Tink'. If you want to destroy the game object, please call 'Destroy' on the game object instead. Destroying the transform component is not allowed.

Can't remove MeshFilter because tk2dSprite (Script) depends on it

Can't remove MeshRenderer because tk2dSprite (Script) depends on it

Can't destroy Transform component of 'Clash Tink'. If you want to destroy the game object, please call 'Destroy' on the game object instead. Destroying the transform component is not allowed.

Can't remove MeshFilter because tk2dSprite (Script) depends on it

Can't remove MeshRenderer because tk2dSprite (Script) depends on it

Can't destroy Transform component of 'Clash Tink'. If you want to destroy the game object, please call 'Destroy' on the game object instead. Destroying the transform component is not allowed.

Can't remove MeshFilter because tk2dSprite (Script) depends on it

Can't remove MeshRenderer because tk2dSprite (Script) depends on it

Can't destroy Transform component of 'Clash Tink'. If you want to destroy the game object, please call 'Destroy' on the game object instead. Destroying the transform component is not allowed.

Can't remove MeshFilter because tk2dSprite (Script) depends on it

Can't remove MeshRenderer because tk2dSprite (Script) depends on it

Can't destroy Transform component of 'Clash Tink'. If you want to destroy the game object, please call 'Destroy' on the game object instead. Destroying the transform component is not allowed.

Can't remove MeshFilter because tk2dSprite (Script) depends on it

Can't remove MeshRenderer because tk2dSprite (Script) depends on it

Can't destroy Transform component of 'Clash Tink'. If you want to destroy the game object, please call 'Destroy' on the game object instead. Destroying the transform component is not allowed.

Can't remove MeshFilter because tk2dSprite (Script) depends on it

Can't remove MeshRenderer because tk2dSprite (Script) depends on it

Can't destroy Transform component of 'Clash Tink'. If you want to destroy the game object, please call 'Destroy' on the game object instead. Destroying the transform component is not allowed.

Can't remove MeshFilter because tk2dSprite (Script) depends on it

Can't remove MeshRenderer because tk2dSprite (Script) depends on it

Can't destroy Transform component of 'Clash Tink'. If you want to destroy the game object, please call 'Destroy' on the game object instead. Destroying the transform component is not allowed.

Can't remove MeshFilter because tk2dSprite (Script) depends on it

Can't remove MeshRenderer because tk2dSprite (Script) depends on it

Can't destroy Transform component of 'Clash Tink'. If you want to destroy the game object, please call 'Destroy' on the game object instead. Destroying the transform component is not allowed.

Can't remove MeshFilter because tk2dSprite (Script) depends on it

Can't remove MeshRenderer because tk2dSprite (Script) depends on it

Can't destroy Transform component of 'Clash Tink'. If you want to destroy the game object, please call 'Destroy' on the game object instead. Destroying the transform component is not allowed.

Can't remove MeshFilter because tk2dSprite (Script) depends on it

Can't remove MeshRenderer because tk2dSprite (Script) depends on it

Can't destroy Transform component of 'Clash Tink'. If you want to destroy the game object, please call 'Destroy' on the game object instead. Destroying the transform component is not allowed.

Can't remove MeshFilter because tk2dSprite (Script) depends on it

Can't remove MeshRenderer because tk2dSprite (Script) depends on it

Can't destroy Transform component of 'Clash Tink'. If you want to destroy the game object, please call 'Destroy' on the game object instead. Destroying the transform component is not allowed.

Can't remove MeshFilter because tk2dSprite (Script) depends on it

Can't remove MeshRenderer because tk2dSprite (Script) depends on it

Can't destroy Transform component of 'Clash Tink'. If you want to destroy the game object, please call 'Destroy' on the game object instead. Destroying the transform component is not allowed.

Can't remove MeshFilter because tk2dSprite (Script) depends on it

Can't remove MeshRenderer because tk2dSprite (Script) depends on it

Can't destroy Transform component of 'Clash Tink'. If you want to destroy the game object, please call 'Destroy' on the game object instead. Destroying the transform component is not allowed.

Can't remove MeshFilter because tk2dSprite (Script) depends on it

Can't remove MeshRenderer because tk2dSprite (Script) depends on it

Can't destroy Transform component of 'Clash Tink'. If you want to destroy the game object, please call 'Destroy' on the game object instead. Destroying the transform component is not allowed.

Can't remove MeshFilter because tk2dSprite (Script) depends on it

Can't remove MeshRenderer because tk2dSprite (Script) depends on it

Can't destroy Transform component of 'Clash Tink'. If you want to destroy the game object, please call 'Destroy' on the game object instead. Destroying the transform component is not allowed.

Can't remove MeshFilter because tk2dSprite (Script) depends on it

Can't remove MeshRenderer because tk2dSprite (Script) depends on it

Can't destroy Transform component of 'Clash Tink'. If you want to destroy the game object, please call 'Destroy' on the game object instead. Destroying the transform component is not allowed.

Can't remove MeshFilter because tk2dSprite (Script) depends on it

Can't remove MeshRenderer because tk2dSprite (Script) depends on it

Can't destroy Transform component of 'Clash Tink'. If you want to destroy the game object, please call 'Destroy' on the game object instead. Destroying the transform component is not allowed.

Can't remove MeshFilter because tk2dSprite (Script) depends on it

Can't remove MeshRenderer because tk2dSprite (Script) depends on it

Can't destroy Transform component of 'Clash Tink'. If you want to destroy the game object, please call 'Destroy' on the game object instead. Destroying the transform component is not allowed.

Can't remove MeshFilter because tk2dSprite (Script) depends on it

Can't remove MeshRenderer because tk2dSprite (Script) depends on it

Can't destroy Transform component of 'Clash Tink'. If you want to destroy the game object, please call 'Destroy' on the game object instead. Destroying the transform component is not allowed.

Object Pool attached to GlobalPool has run out of particle_orange blood prefabs, Instantiating an additional one.

Object Pool attached to GlobalPool has run out of particle_orange blood prefabs, Instantiating an additional one.

Object Pool attached to GlobalPool has run out of particle_orange blood prefabs, Instantiating an additional one.

Object Pool attached to GlobalPool has run out of particle_orange blood prefabs, Instantiating an additional one.

Object Pool attached to GlobalPool has run out of particle_orange blood prefabs, Instantiating an additional one.

Object Pool attached to GlobalPool has run out of particle_orange blood prefabs, Instantiating an additional one.

Object Pool attached to GlobalPool has run out of Audio Player NoDestroy prefabs, Instantiating an additional one.

AddEventHandlerComponent: PlayMakerFixedUpdate

AddEventHandlerComponent: PlayMakerFixedUpdate

Unable to get achievement FK_DEFEAT, because GOG is not authenticated.

Unable to push achievement FK_DEFEAT, because GOG is not authenticated.

PlayOneShot was called with a null AudioClip.

Can't remove MeshFilter because tk2dSprite (Script) depends on it

Can't remove MeshRenderer because tk2dSprite (Script) depends on it

Can't destroy Transform component of 'Clash Tink'. If you want to destroy the game object, please call 'Destroy' on the game object instead. Destroying the transform component is not allowed.

Can't remove MeshFilter because tk2dSprite (Script) depends on it

Can't remove MeshRenderer because tk2dSprite (Script) depends on it

Can't destroy Transform component of 'Clash Tink'. If you want to destroy the game object, please call 'Destroy' on the game object instead. Destroying the transform component is not allowed.

Can't remove MeshFilter because tk2dSprite (Script) depends on it

Can't remove MeshRenderer because tk2dSprite (Script) depends on it

Can't destroy Transform component of 'Clash Tink'. If you want to destroy the game object, please call 'Destroy' on the game object instead. Destroying the transform component is not allowed.

Object Pool attached to GlobalPool could not find a copy of Relic Get Msg, Instantiating a new one.

Can't remove MeshFilter because tk2dSprite (Script) depends on it

Can't remove MeshRenderer because tk2dSprite (Script) depends on it

Can't destroy Transform component of 'Clash Tink'. If you want to destroy the game object, please call 'Destroy' on the game object instead. Destroying the transform component is not allowed.

Can't remove MeshFilter because tk2dSprite (Script) depends on it

Can't remove MeshRenderer because tk2dSprite (Script) depends on it

Can't destroy Transform component of 'Clash Tink'. If you want to destroy the game object, please call 'Destroy' on the game object instead. Destroying the transform component is not allowed.

Can't remove MeshFilter because tk2dSprite (Script) depends on it

Can't remove MeshRenderer because tk2dSprite (Script) depends on it

Can't destroy Transform component of 'Clash Tink'. If you want to destroy the game object, please call 'Destroy' on the game object instead. Destroying the transform component is not allowed.

Unable to get achievement CHARMED, because GOG is not authenticated.

Unable to push achievement CHARMED, because GOG is not authenticated.

Can't remove MeshFilter because tk2dSprite (Script) depends on it

Can't remove MeshRenderer because tk2dSprite (Script) depends on it

Can't destroy Transform component of 'Clash Tink'. If you want to destroy the game object, please call 'Destroy' on the game object instead. Destroying the transform component is not allowed.

Can't remove MeshFilter because tk2dSprite (Script) depends on it

Can't remove MeshRenderer because tk2dSprite (Script) depends on it

Can't destroy Transform component of 'Clash Tink'. If you want to destroy the game object, please call 'Destroy' on the game object instead. Destroying the transform component is not allowed.

Can't remove MeshFilter because tk2dSprite (Script) depends on it

Can't remove MeshRenderer because tk2dSprite (Script) depends on it

Can't destroy Transform component of 'Clash Tink'. If you want to destroy the game object, please call 'Destroy' on the game object instead. Destroying the transform component is not allowed.

Can't remove MeshFilter because tk2dSprite (Script) depends on it

Can't remove MeshRenderer because tk2dSprite (Script) depends on it

Can't destroy Transform component of 'Clash Tink'. If you want to destroy the game object, please call 'Destroy' on the game object instead. Destroying the transform component is not allowed.

AddEventHandlerComponent: PlayMakerFixedUpdate

Object Pool attached to GlobalPool has run out of Run Effects prefabs, Instantiating an additional one.

Deferring level start (marked as manual).

Deferring level start (marked as manual).

Can't remove MeshFilter because tk2dSprite (Script) depends on it

Can't remove MeshRenderer because tk2dSprite (Script) depends on it

Can't destroy Transform component of 'Clash Tink'. If you want to destroy the game object, please call 'Destroy' on the game object instead. Destroying the transform component is not allowed.

Can't remove MeshFilter because tk2dSprite (Script) depends on it

Can't remove MeshRenderer because tk2dSprite (Script) depends on it

Can't destroy Transform component of 'Clash Tink'. If you want to destroy the game object, please call 'Destroy' on the game object instead. Destroying the transform component is not allowed.

Can't remove MeshFilter because tk2dSprite (Script) depends on it

Can't remove MeshRenderer because tk2dSprite (Script) depends on it

Can't destroy Transform component of 'Clash Tink'. If you want to destroy the game object, please call 'Destroy' on the game object instead. Destroying the transform component is not allowed.

Can't remove MeshFilter because tk2dSprite (Script) depends on it

Can't remove MeshRenderer because tk2dSprite (Script) depends on it

Can't destroy Transform component of 'Clash Tink'. If you want to destroy the game object, please call 'Destroy' on the game object instead. Destroying the transform component is not allowed.

Can't remove MeshFilter because tk2dSprite (Script) depends on it

Can't remove MeshRenderer because tk2dSprite (Script) depends on it

Can't destroy Transform component of 'Clash Tink'. If you want to destroy the game object, please call 'Destroy' on the game object instead. Destroying the transform component is not allowed.

Can't remove MeshFilter because tk2dSprite (Script) depends on it

Can't remove MeshRenderer because tk2dSprite (Script) depends on it

Can't destroy Transform component of 'Clash Tink'. If you want to destroy the game object, please call 'Destroy' on the game object instead. Destroying the transform component is not allowed.

Can't remove MeshFilter because tk2dSprite (Script) depends on it

Can't remove MeshRenderer because tk2dSprite (Script) depends on it

Can't destroy Transform component of 'Clash Tink'. If you want to destroy the game object, please call 'Destroy' on the game object instead. Destroying the transform component is not allowed.

Can't remove MeshFilter because tk2dSprite (Script) depends on it

Can't remove MeshRenderer because tk2dSprite (Script) depends on it

Can't destroy Transform component of 'Clash Tink'. If you want to destroy the game object, please call 'Destroy' on the game object instead. Destroying the transform component is not allowed.

Can't remove MeshFilter because tk2dSprite (Script) depends on it

Can't remove MeshRenderer because tk2dSprite (Script) depends on it

Can't destroy Transform component of 'Clash Tink'. If you want to destroy the game object, please call 'Destroy' on the game object instead. Destroying the transform component is not allowed.

Can't remove MeshFilter because tk2dSprite (Script) depends on it

Can't remove MeshRenderer because tk2dSprite (Script) depends on it

Can't destroy Transform component of 'Clash Tink'. If you want to destroy the game object, please call 'Destroy' on the game object instead. Destroying the transform component is not allowed.

Can't remove MeshFilter because tk2dSprite (Script) depends on it

Can't remove MeshRenderer because tk2dSprite (Script) depends on it

Can't destroy Transform component of 'Clash Tink'. If you want to destroy the game object, please call 'Destroy' on the game object instead. Destroying the transform component is not allowed.

Can't remove MeshFilter because tk2dSprite (Script) depends on it

Can't remove MeshRenderer because tk2dSprite (Script) depends on it

Can't destroy Transform component of 'Clash Tink'. If you want to destroy the game object, please call 'Destroy' on the game object instead. Destroying the transform component is not allowed.

Can't remove MeshFilter because tk2dSprite (Script) depends on it

Can't remove MeshRenderer because tk2dSprite (Script) depends on it

Can't destroy Transform component of 'Clash Tink'. If you want to destroy the game object, please call 'Destroy' on the game object instead. Destroying the transform component is not allowed.

Can't remove MeshFilter because tk2dSprite (Script) depends on it

Can't remove MeshRenderer because tk2dSprite (Script) depends on it

Can't destroy Transform component of 'Clash Tink'. If you want to destroy the game object, please call 'Destroy' on the game object instead. Destroying the transform component is not allowed.

Can't remove MeshFilter because tk2dSprite (Script) depends on it

Can't remove MeshRenderer because tk2dSprite (Script) depends on it

Can't destroy Transform component of 'Clash Tink'. If you want to destroy the game object, please call 'Destroy' on the game object instead. Destroying the transform component is not allowed.

Can't remove MeshFilter because tk2dSprite (Script) depends on it

Can't remove MeshRenderer because tk2dSprite (Script) depends on it

Can't destroy Transform component of 'Clash Tink'. If you want to destroy the game object, please call 'Destroy' on the game object instead. Destroying the transform component is not allowed.

Can't remove MeshFilter because tk2dSprite (Script) depends on it

Can't remove MeshRenderer because tk2dSprite (Script) depends on it

Can't destroy Transform component of 'Clash Tink'. If you want to destroy the game object, please call 'Destroy' on the game object instead. Destroying the transform component is not allowed.

Can't remove MeshFilter because tk2dSprite (Script) depends on it

Can't remove MeshRenderer because tk2dSprite (Script) depends on it

Can't destroy Transform component of 'Clash Tink'. If you want to destroy the game object, please call 'Destroy' on the game object instead. Destroying the transform component is not allowed.

Can't remove MeshFilter because tk2dSprite (Script) depends on it

Can't remove MeshRenderer because tk2dSprite (Script) depends on it

Can't destroy Transform component of 'Clash Tink'. If you want to destroy the game object, please call 'Destroy' on the game object instead. Destroying the transform component is not allowed.

Can't remove MeshFilter because tk2dSprite (Script) depends on it

Can't remove MeshRenderer because tk2dSprite (Script) depends on it

Can't destroy Transform component of 'Clash Tink'. If you want to destroy the game object, please call 'Destroy' on the game object instead. Destroying the transform component is not allowed.

Can't remove MeshFilter because tk2dSprite (Script) depends on it

Can't remove MeshRenderer because tk2dSprite (Script) depends on it

Can't destroy Transform component of 'Clash Tink'. If you want to destroy the game object, please call 'Destroy' on the game object instead. Destroying the transform component is not allowed.

Can't remove MeshFilter because tk2dSprite (Script) depends on it

Can't remove MeshRenderer because tk2dSprite (Script) depends on it

Can't destroy Transform component of 'Clash Tink'. If you want to destroy the game object, please call 'Destroy' on the game object instead. Destroying the transform component is not allowed.

Can't remove MeshFilter because tk2dSprite (Script) depends on it

Can't remove MeshRenderer because tk2dSprite (Script) depends on it

Can't destroy Transform component of 'Clash Tink'. If you want to destroy the game object, please call 'Destroy' on the game object instead. Destroying the transform component is not allowed.

Can't remove MeshFilter because tk2dSprite (Script) depends on it

Can't remove MeshRenderer because tk2dSprite (Script) depends on it

Can't destroy Transform component of 'Clash Tink'. If you want to destroy the game object, please call 'Destroy' on the game object instead. Destroying the transform component is not allowed.

Can't remove MeshFilter because tk2dSprite (Script) depends on it

Can't remove MeshRenderer because tk2dSprite (Script) depends on it

Can't destroy Transform component of 'Clash Tink'. If you want to destroy the game object, please call 'Destroy' on the game object instead. Destroying the transform component is not allowed.

Can't remove MeshFilter because tk2dSprite (Script) depends on it

Can't remove MeshRenderer because tk2dSprite (Script) depends on it

Can't destroy Transform component of 'Clash Tink'. If you want to destroy the game object, please call 'Destroy' on the game object instead. Destroying the transform component is not allowed.

Can't remove MeshFilter because tk2dSprite (Script) depends on it

Can't remove MeshRenderer because tk2dSprite (Script) depends on it

Can't destroy Transform component of 'Clash Tink'. If you want to destroy the game object, please call 'Destroy' on the game object instead. Destroying the transform component is not allowed.

AddEventHandlerComponent: PlayMakerFixedUpdate

AddEventHandlerComponent: PlayMakerFixedUpdate

AddEventHandlerComponent: PlayMakerFixedUpdate

AddEventHandlerComponent: PlayMakerFixedUpdate

AddEventHandlerComponent: PlayMakerFixedUpdate

AddEventHandlerComponent: PlayMakerFixedUpdate

AddEventHandlerComponent: PlayMakerFixedUpdate

AddEventHandlerComponent: PlayMakerFixedUpdate

AddEventHandlerComponent: PlayMakerFixedUpdate

AddEventHandlerComponent: PlayMakerFixedUpdate

AddEventHandlerComponent: PlayMakerFixedUpdate

AddEventHandlerComponent: PlayMakerFixedUpdate

AddEventHandlerComponent: PlayMakerFixedUpdate

AddEventHandlerComponent: PlayMakerFixedUpdate

AddEventHandlerComponent: PlayMakerFixedUpdate

AddEventHandlerComponent: PlayMakerFixedUpdate

AddEventHandlerComponent: PlayMakerFixedUpdate

AddEventHandlerComponent: PlayMakerFixedUpdate

AddEventHandlerComponent: PlayMakerFixedUpdate

AddEventHandlerComponent: PlayMakerFixedUpdate

AddEventHandlerComponent: PlayMakerFixedUpdate

AddEventHandlerComponent: PlayMakerFixedUpdate

AddEventHandlerComponent: PlayMakerFixedUpdate

AddEventHandlerComponent: PlayMakerFixedUpdate

AddEventHandlerComponent: PlayMakerFixedUpdate

Deferring level start (marked as manual).

NullReferenceException: Object reference not set to an instance of an object
  at Hkmp.Game.Client.MapManager.TryGetMapLocation (UnityEngine.Vector3& mapLocation) [0x000f8] in /home/runner/work/HKMP/HKMP/HKMP/Game/Client/MapManager.cs:187 
  at Hkmp.Game.Client.MapManager.HeroControllerOnUpdate (On.HeroController+orig_Update orig, HeroController self) [0x00015] in /home/runner/work/HKMP/HKMP/HKMP/Game/Client/MapManager.cs:82 
  at (wrapper dynamic-method) MonoMod.Utils.DynamicMethodDefinition.Hook<HeroController::Update>?-927227008(HeroController)
  at (wrapper dynamic-method) MonoMod.Utils.DynamicMethodDefinition.Trampoline<HeroController::Update>?-1993203712(HeroController)
  at Hkmp.Game.Client.ClientManager.OnPlayerUpdate (On.HeroController+orig_Update orig, HeroController self) [0x00000] in /home/runner/work/HKMP/HKMP/HKMP/Game/Client/ClientManager.cs:918 
  at (wrapper dynamic-method) MonoMod.Utils.DynamicMethodDefinition.Hook<HeroController::Update>?554030720(HeroController)

(Filename: /home/runner/work/HKMP/HKMP/HKMP/Game/Client/MapManager.cs Line: 187)

NullReferenceException: Object reference not set to an instance of an object
  at Hkmp.Game.Client.MapManager.TryGetMapLocation (UnityEngine.Vector3& mapLocation) [0x000f8] in /home/runner/work/HKMP/HKMP/HKMP/Game/Client/MapManager.cs:187 
  at Hkmp.Game.Client.MapManager.HeroControllerOnUpdate (On.HeroController+orig_Update orig, HeroController self) [0x00015] in /home/runner/work/HKMP/HKMP/HKMP/Game/Client/MapManager.cs:82 
  at (wrapper dynamic-method) MonoMod.Utils.DynamicMethodDefinition.Hook<HeroController::Update>?-927227008(HeroController)
  at (wrapper dynamic-method) MonoMod.Utils.DynamicMethodDefinition.Trampoline<HeroController::Update>?-1993203712(HeroController)
  at Hkmp.Game.Client.ClientManager.OnPlayerUpdate (On.HeroController+orig_Update orig, HeroController self) [0x00000] in /home/runner/work/HKMP/HKMP/HKMP/Game/Client/ClientManager.cs:918 
  at (wrapper dynamic-method) MonoMod.Utils.DynamicMethodDefinition.Hook<HeroController::Update>?554030720(HeroController)

(Filename: /home/runner/work/HKMP/HKMP/HKMP/Game/Client/MapManager.cs Line: 187)

NullReferenceException: Object reference not set to an instance of an object
  at Hkmp.Game.Client.MapManager.TryGetMapLocation (UnityEngine.Vector3& mapLocation) [0x000f8] in /home/runner/work/HKMP/HKMP/HKMP/Game/Client/MapManager.cs:187 
  at Hkmp.Game.Client.MapManager.HeroControllerOnUpdate (On.HeroController+orig_Update orig, HeroController self) [0x00015] in /home/runner/work/HKMP/HKMP/HKMP/Game/Client/MapManager.cs:82 
  at (wrapper dynamic-method) MonoMod.Utils.DynamicMethodDefinition.Hook<HeroController::Update>?-927227008(HeroController)
  at (wrapper dynamic-method) MonoMod.Utils.DynamicMethodDefinition.Trampoline<HeroController::Update>?-1993203712(HeroController)
  at Hkmp.Game.Client.ClientManager.OnPlayerUpdate (On.HeroController+orig_Update orig, HeroController self) [0x00000] in /home/runner/work/HKMP/HKMP/HKMP/Game/Client/ClientManager.cs:918 
  at (wrapper dynamic-method) MonoMod.Utils.DynamicMethodDefinition.Hook<HeroController::Update>?554030720(HeroController)

(Filename: /home/runner/work/HKMP/HKMP/HKMP/Game/Client/MapManager.cs Line: 187)

Can't remove MeshFilter because tk2dSprite (Script) depends on it

Can't remove MeshRenderer because tk2dSprite (Script) depends on it

Can't destroy Transform component of 'Clash Tink'. If you want to destroy the game object, please call 'Destroy' on the game object instead. Destroying the transform component is not allowed.

Persistent Bool Item - Couldn't reset value on FSM because it's missing.

Persistent Bool Item - Couldn't reset value on FSM because it's missing.

Unable to get achievement CHARMED, because GOG is not authenticated.

Unable to push achievement CHARMED, because GOG is not authenticated.

Can't remove MeshFilter because tk2dSprite (Script) depends on it

Can't remove MeshRenderer because tk2dSprite (Script) depends on it

Can't destroy Transform component of 'Clash Tink'. If you want to destroy the game object, please call 'Destroy' on the game object instead. Destroying the transform component is not allowed.

Can't remove MeshFilter because tk2dSprite (Script) depends on it

Can't remove MeshRenderer because tk2dSprite (Script) depends on it

Can't destroy Transform component of 'Clash Tink'. If you want to destroy the game object, please call 'Destroy' on the game object instead. Destroying the transform component is not allowed.

Can't remove MeshFilter because tk2dSprite (Script) depends on it

Can't remove MeshRenderer because tk2dSprite (Script) depends on it

Can't destroy Transform component of 'Clash Tink'. If you want to destroy the game object, please call 'Destroy' on the game object instead. Destroying the transform component is not allowed.

Can't remove MeshFilter because tk2dSprite (Script) depends on it

Can't remove MeshRenderer because tk2dSprite (Script) depends on it

Can't destroy Transform component of 'Clash Tink'. If you want to destroy the game object, please call 'Destroy' on the game object instead. Destroying the transform component is not allowed.

Can't remove MeshFilter because tk2dSprite (Script) depends on it

Can't remove MeshRenderer because tk2dSprite (Script) depends on it

Can't destroy Transform component of 'Clash Tink'. If you want to destroy the game object, please call 'Destroy' on the game object instead. Destroying the transform component is not allowed.

Can't remove MeshFilter because tk2dSprite (Script) depends on it

Can't remove MeshRenderer because tk2dSprite (Script) depends on it

Can't destroy Transform component of 'Clash Tink'. If you want to destroy the game object, please call 'Destroy' on the game object instead. Destroying the transform component is not allowed.

Can't remove MeshFilter because tk2dSprite (Script) depends on it

Can't remove MeshRenderer because tk2dSprite (Script) depends on it

Can't destroy Transform component of 'Clash Tink'. If you want to destroy the game object, please call 'Destroy' on the game object instead. Destroying the transform component is not allowed.

Can't remove MeshFilter because tk2dSprite (Script) depends on it

Can't remove MeshRenderer because tk2dSprite (Script) depends on it

Can't destroy Transform component of 'Clash Tink'. If you want to destroy the game object, please call 'Destroy' on the game object instead. Destroying the transform component is not allowed.

Can't remove MeshFilter because tk2dSprite (Script) depends on it

Can't remove MeshRenderer because tk2dSprite (Script) depends on it

Can't destroy Transform component of 'Clash Tink'. If you want to destroy the game object, please call 'Destroy' on the game object instead. Destroying the transform component is not allowed.

Can't remove MeshFilter because tk2dSprite (Script) depends on it

Can't remove MeshRenderer because tk2dSprite (Script) depends on it

Can't destroy Transform component of 'Clash Tink'. If you want to destroy the game object, please call 'Destroy' on the game object instead. Destroying the transform component is not allowed.

Object Pool attached to GlobalPool has run out of Audio Player NoDestroy prefabs, Instantiating an additional one.

Can't remove MeshFilter because tk2dSprite (Script) depends on it

Can't remove MeshRenderer because tk2dSprite (Script) depends on it

Can't destroy Transform component of 'Clash Tink'. If you want to destroy the game object, please call 'Destroy' on the game object instead. Destroying the transform component is not allowed.

Can't remove MeshFilter because tk2dSprite (Script) depends on it

Can't remove MeshRenderer because tk2dSprite (Script) depends on it

Can't destroy Transform component of 'Clash Tink'. If you want to destroy the game object, please call 'Destroy' on the game object instead. Destroying the transform component is not allowed.

Can't remove MeshFilter because tk2dSprite (Script) depends on it

Can't remove MeshRenderer because tk2dSprite (Script) depends on it

Can't destroy Transform component of 'Clash Tink'. If you want to destroy the game object, please call 'Destroy' on the game object instead. Destroying the transform component is not allowed.

Can't remove MeshFilter because tk2dSprite (Script) depends on it

Can't remove MeshRenderer because tk2dSprite (Script) depends on it

Can't destroy Transform component of 'Clash Tink'. If you want to destroy the game object, please call 'Destroy' on the game object instead. Destroying the transform component is not allowed.

Can't remove MeshFilter because tk2dSprite (Script) depends on it

Can't remove MeshRenderer because tk2dSprite (Script) depends on it

Can't destroy Transform component of 'Clash Tink'. If you want to destroy the game object, please call 'Destroy' on the game object instead. Destroying the transform component is not allowed.

AddEventHandlerComponent: PlayMakerFixedUpdate

Can't remove MeshFilter because tk2dSprite (Script) depends on it

Can't remove MeshRenderer because tk2dSprite (Script) depends on it

Can't destroy Transform component of 'Clash Tink'. If you want to destroy the game object, please call 'Destroy' on the game object instead. Destroying the transform component is not allowed.

Can't remove MeshFilter because tk2dSprite (Script) depends on it

Can't remove MeshRenderer because tk2dSprite (Script) depends on it

Can't destroy Transform component of 'Clash Tink'. If you want to destroy the game object, please call 'Destroy' on the game object instead. Destroying the transform component is not allowed.

Can't remove MeshFilter because tk2dSprite (Script) depends on it

Can't remove MeshRenderer because tk2dSprite (Script) depends on it

Can't destroy Transform component of 'Clash Tink'. If you want to destroy the game object, please call 'Destroy' on the game object instead. Destroying the transform component is not allowed.

Can't remove MeshFilter because tk2dSprite (Script) depends on it

Can't remove MeshRenderer because tk2dSprite (Script) depends on it

Can't destroy Transform component of 'Clash Tink'. If you want to destroy the game object, please call 'Destroy' on the game object instead. Destroying the transform component is not allowed.

Can't remove MeshFilter because tk2dSprite (Script) depends on it

Can't remove MeshRenderer because tk2dSprite (Script) depends on it

Can't destroy Transform component of 'Clash Tink'. If you want to destroy the game object, please call 'Destroy' on the game object instead. Destroying the transform component is not allowed.

Can't remove MeshFilter because tk2dSprite (Script) depends on it

Can't remove MeshRenderer because tk2dSprite (Script) depends on it

Can't destroy Transform component of 'Clash Tink'. If you want to destroy the game object, please call 'Destroy' on the game object instead. Destroying the transform component is not allowed.

Can't remove MeshFilter because tk2dSprite (Script) depends on it

Can't remove MeshRenderer because tk2dSprite (Script) depends on it

Can't destroy Transform component of 'Clash Tink'. If you want to destroy the game object, please call 'Destroy' on the game object instead. Destroying the transform component is not allowed.

Can't remove MeshFilter because tk2dSprite (Script) depends on it

Can't remove MeshRenderer because tk2dSprite (Script) depends on it

Can't destroy Transform component of 'Clash Tink'. If you want to destroy the game object, please call 'Destroy' on the game object instead. Destroying the transform component is not allowed.

Can't remove MeshFilter because tk2dSprite (Script) depends on it

Can't remove MeshRenderer because tk2dSprite (Script) depends on it

Can't destroy Transform component of 'Clash Tink'. If you want to destroy the game object, please call 'Destroy' on the game object instead. Destroying the transform component is not allowed.

AddEventHandlerComponent: PlayMakerFixedUpdate

AddEventHandlerComponent: PlayMakerFixedUpdate

Can't remove MeshFilter because tk2dSprite (Script) depends on it

Can't remove MeshRenderer because tk2dSprite (Script) depends on it

Can't destroy Transform component of 'Clash Tink'. If you want to destroy the game object, please call 'Destroy' on the game object instead. Destroying the transform component is not allowed.

Can't remove MeshFilter because tk2dSprite (Script) depends on it

Can't remove MeshRenderer because tk2dSprite (Script) depends on it

Can't destroy Transform component of 'Clash Tink'. If you want to destroy the game object, please call 'Destroy' on the game object instead. Destroying the transform component is not allowed.

Can't remove MeshFilter because tk2dSprite (Script) depends on it

Can't remove MeshRenderer because tk2dSprite (Script) depends on it

Can't destroy Transform component of 'Clash Tink'. If you want to destroy the game object, please call 'Destroy' on the game object instead. Destroying the transform component is not allowed.

AddEventHandlerComponent: PlayMakerFixedUpdate

Can't remove MeshFilter because tk2dSprite (Script) depends on it

Can't remove MeshRenderer because tk2dSprite (Script) depends on it

Can't destroy Transform component of 'Clash Tink'. If you want to destroy the game object, please call 'Destroy' on the game object instead. Destroying the transform component is not allowed.

Can't remove MeshFilter because tk2dSprite (Script) depends on it

Can't remove MeshRenderer because tk2dSprite (Script) depends on it

Can't destroy Transform component of 'Clash Tink'. If you want to destroy the game object, please call 'Destroy' on the game object instead. Destroying the transform component is not allowed.

Can't remove MeshFilter because tk2dSprite (Script) depends on it

Can't remove MeshRenderer because tk2dSprite (Script) depends on it

Can't destroy Transform component of 'Clash Tink'. If you want to destroy the game object, please call 'Destroy' on the game object instead. Destroying the transform component is not allowed.

Can't remove MeshFilter because tk2dSprite (Script) depends on it

Can't remove MeshRenderer because tk2dSprite (Script) depends on it

Can't destroy Transform component of 'Clash Tink'. If you want to destroy the game object, please call 'Destroy' on the game object instead. Destroying the transform component is not allowed.

Can't remove MeshFilter because tk2dSprite (Script) depends on it

Can't remove MeshRenderer because tk2dSprite (Script) depends on it

Can't destroy Transform component of 'Clash Tink'. If you want to destroy the game object, please call 'Destroy' on the game object instead. Destroying the transform component is not allowed.

Can't remove MeshFilter because tk2dSprite (Script) depends on it

Can't remove MeshRenderer because tk2dSprite (Script) depends on it

Can't destroy Transform component of 'Clash Tink'. If you want to destroy the game object, please call 'Destroy' on the game object instead. Destroying the transform component is not allowed.

Can't remove MeshFilter because tk2dSprite (Script) depends on it

Can't remove MeshRenderer because tk2dSprite (Script) depends on it

Can't destroy Transform component of 'Clash Tink'. If you want to destroy the game object, please call 'Destroy' on the game object instead. Destroying the transform component is not allowed.

Can't remove MeshFilter because tk2dSprite (Script) depends on it

Can't remove MeshRenderer because tk2dSprite (Script) depends on it

Can't destroy Transform component of 'Clash Tink'. If you want to destroy the game object, please call 'Destroy' on the game object instead. Destroying the transform component is not allowed.

Can't remove MeshFilter because tk2dSprite (Script) depends on it

Can't remove MeshRenderer because tk2dSprite (Script) depends on it

Can't destroy Transform component of 'Clash Tink'. If you want to destroy the game object, please call 'Destroy' on the game object instead. Destroying the transform component is not allowed.

Can't remove MeshFilter because tk2dSprite (Script) depends on it

Can't remove MeshRenderer because tk2dSprite (Script) depends on it

Can't destroy Transform component of 'Clash Tink'. If you want to destroy the game object, please call 'Destroy' on the game object instead. Destroying the transform component is not allowed.

Can't remove MeshFilter because tk2dSprite (Script) depends on it

Can't remove MeshRenderer because tk2dSprite (Script) depends on it

Can't destroy Transform component of 'Clash Tink'. If you want to destroy the game object, please call 'Destroy' on the game object instead. Destroying the transform component is not allowed.

Can't remove MeshFilter because tk2dSprite (Script) depends on it

Can't remove MeshRenderer because tk2dSprite (Script) depends on it

Can't destroy Transform component of 'Clash Tink'. If you want to destroy the game object, please call 'Destroy' on the game object instead. Destroying the transform component is not allowed.

Can't remove MeshFilter because tk2dSprite (Script) depends on it

Can't remove MeshRenderer because tk2dSprite (Script) depends on it

Can't destroy Transform component of 'Clash Tink'. If you want to destroy the game object, please call 'Destroy' on the game object instead. Destroying the transform component is not allowed.

Can't remove MeshFilter because tk2dSprite (Script) depends on it

Can't remove MeshRenderer because tk2dSprite (Script) depends on it

Can't destroy Transform component of 'Clash Tink'. If you want to destroy the game object, please call 'Destroy' on the game object instead. Destroying the transform component is not allowed.

Can't remove MeshFilter because tk2dSprite (Script) depends on it

Can't remove MeshRenderer because tk2dSprite (Script) depends on it

Can't destroy Transform component of 'Clash Tink'. If you want to destroy the game object, please call 'Destroy' on the game object instead. Destroying the transform component is not allowed.

Can't remove MeshFilter because tk2dSprite (Script) depends on it

Can't remove MeshRenderer because tk2dSprite (Script) depends on it

Can't destroy Transform component of 'Clash Tink'. If you want to destroy the game object, please call 'Destroy' on the game object instead. Destroying the transform component is not allowed.

Can't remove MeshFilter because tk2dSprite (Script) depends on it

Can't remove MeshRenderer because tk2dSprite (Script) depends on it

Can't destroy Transform component of 'Clash Tink'. If you want to destroy the game object, please call 'Destroy' on the game object instead. Destroying the transform component is not allowed.

Can't remove MeshFilter because tk2dSprite (Script) depends on it

Can't remove MeshRenderer because tk2dSprite (Script) depends on it

Can't destroy Transform component of 'Clash Tink'. If you want to destroy the game object, please call 'Destroy' on the game object instead. Destroying the transform component is not allowed.

Can't remove MeshFilter because tk2dSprite (Script) depends on it

Can't remove MeshRenderer because tk2dSprite (Script) depends on it

Can't destroy Transform component of 'Clash Tink'. If you want to destroy the game object, please call 'Destroy' on the game object instead. Destroying the transform component is not allowed.

Can't remove MeshFilter because tk2dSprite (Script) depends on it

Can't remove MeshRenderer because tk2dSprite (Script) depends on it

Can't destroy Transform component of 'Clash Tink'. If you want to destroy the game object, please call 'Destroy' on the game object instead. Destroying the transform component is not allowed.

Can't remove MeshFilter because tk2dSprite (Script) depends on it

Can't remove MeshRenderer because tk2dSprite (Script) depends on it

Can't destroy Transform component of 'Clash Tink'. If you want to destroy the game object, please call 'Destroy' on the game object instead. Destroying the transform component is not allowed.

Can't remove MeshFilter because tk2dSprite (Script) depends on it

Can't remove MeshRenderer because tk2dSprite (Script) depends on it

Can't destroy Transform component of 'Clash Tink'. If you want to destroy the game object, please call 'Destroy' on the game object instead. Destroying the transform component is not allowed.

Can't remove MeshFilter because tk2dSprite (Script) depends on it

Can't remove MeshRenderer because tk2dSprite (Script) depends on it

Can't destroy Transform component of 'Clash Tink'. If you want to destroy the game object, please call 'Destroy' on the game object instead. Destroying the transform component is not allowed.

Can't remove MeshFilter because tk2dSprite (Script) depends on it

Can't remove MeshRenderer because tk2dSprite (Script) depends on it

Can't destroy Transform component of 'Clash Tink'. If you want to destroy the game object, please call 'Destroy' on the game object instead. Destroying the transform component is not allowed.

Can't remove MeshFilter because tk2dSprite (Script) depends on it

Can't remove MeshRenderer because tk2dSprite (Script) depends on it

Can't destroy Transform component of 'Clash Tink'. If you want to destroy the game object, please call 'Destroy' on the game object instead. Destroying the transform component is not allowed.

Can't remove MeshFilter because tk2dSprite (Script) depends on it

Can't remove MeshRenderer because tk2dSprite (Script) depends on it

Can't destroy Transform component of 'Clash Tink'. If you want to destroy the game object, please call 'Destroy' on the game object instead. Destroying the transform component is not allowed.

Can't remove MeshFilter because tk2dSprite (Script) depends on it

Can't remove MeshRenderer because tk2dSprite (Script) depends on it

Can't destroy Transform component of 'Clash Tink'. If you want to destroy the game object, please call 'Destroy' on the game object instead. Destroying the transform component is not allowed.

Can't remove MeshFilter because tk2dSprite (Script) depends on it

Can't remove MeshRenderer because tk2dSprite (Script) depends on it

Can't destroy Transform component of 'Clash Tink'. If you want to destroy the game object, please call 'Destroy' on the game object instead. Destroying the transform component is not allowed.

Can't remove MeshFilter because tk2dSprite (Script) depends on it

Can't remove MeshRenderer because tk2dSprite (Script) depends on it

Can't destroy Transform component of 'Clash Tink'. If you want to destroy the game object, please call 'Destroy' on the game object instead. Destroying the transform component is not allowed.

Can't remove MeshFilter because tk2dSprite (Script) depends on it

Can't remove MeshRenderer because tk2dSprite (Script) depends on it

Can't destroy Transform component of 'Clash Tink'. If you want to destroy the game object, please call 'Destroy' on the game object instead. Destroying the transform component is not allowed.

Can't remove MeshFilter because tk2dSprite (Script) depends on it

Can't remove MeshRenderer because tk2dSprite (Script) depends on it

Can't destroy Transform component of 'Clash Tink'. If you want to destroy the game object, please call 'Destroy' on the game object instead. Destroying the transform component is not allowed.

Can't remove MeshFilter because tk2dSprite (Script) depends on it

Can't remove MeshRenderer because tk2dSprite (Script) depends on it

Can't destroy Transform component of 'Clash Tink'. If you want to destroy the game object, please call 'Destroy' on the game object instead. Destroying the transform component is not allowed.

Can't remove MeshFilter because tk2dSprite (Script) depends on it

Can't remove MeshRenderer because tk2dSprite (Script) depends on it

Can't destroy Transform component of 'Clash Tink'. If you want to destroy the game object, please call 'Destroy' on the game object instead. Destroying the transform component is not allowed.

Can't remove MeshFilter because tk2dSprite (Script) depends on it

Can't remove MeshRenderer because tk2dSprite (Script) depends on it

Can't destroy Transform component of 'Clash Tink'. If you want to destroy the game object, please call 'Destroy' on the game object instead. Destroying the transform component is not allowed.

Can't remove MeshFilter because tk2dSprite (Script) depends on it

Can't remove MeshRenderer because tk2dSprite (Script) depends on it

Can't destroy Transform component of 'Clash Tink'. If you want to destroy the game object, please call 'Destroy' on the game object instead. Destroying the transform component is not allowed.

Can't remove MeshFilter because tk2dSprite (Script) depends on it

Can't remove MeshRenderer because tk2dSprite (Script) depends on it

Can't destroy Transform component of 'Clash Tink'. If you want to destroy the game object, please call 'Destroy' on the game object instead. Destroying the transform component is not allowed.

Can't remove MeshFilter because tk2dSprite (Script) depends on it

Can't remove MeshRenderer because tk2dSprite (Script) depends on it

Can't destroy Transform component of 'Clash Tink'. If you want to destroy the game object, please call 'Destroy' on the game object instead. Destroying the transform component is not allowed.

Can't remove MeshFilter because tk2dSprite (Script) depends on it

Can't remove MeshRenderer because tk2dSprite (Script) depends on it

Can't destroy Transform component of 'Clash Tink'. If you want to destroy the game object, please call 'Destroy' on the game object instead. Destroying the transform component is not allowed.

Can't remove MeshFilter because tk2dSprite (Script) depends on it

Can't remove MeshRenderer because tk2dSprite (Script) depends on it

Can't destroy Transform component of 'Clash Tink'. If you want to destroy the game object, please call 'Destroy' on the game object instead. Destroying the transform component is not allowed.

Can't remove MeshFilter because tk2dSprite (Script) depends on it

Can't remove MeshRenderer because tk2dSprite (Script) depends on it

Can't destroy Transform component of 'Clash Tink'. If you want to destroy the game object, please call 'Destroy' on the game object instead. Destroying the transform component is not allowed.

Can't remove MeshFilter because tk2dSprite (Script) depends on it

Can't remove MeshRenderer because tk2dSprite (Script) depends on it

Can't destroy Transform component of 'Clash Tink'. If you want to destroy the game object, please call 'Destroy' on the game object instead. Destroying the transform component is not allowed.

Can't remove MeshFilter because tk2dSprite (Script) depends on it

Can't remove MeshRenderer because tk2dSprite (Script) depends on it

Can't destroy Transform component of 'Clash Tink'. If you want to destroy the game object, please call 'Destroy' on the game object instead. Destroying the transform component is not allowed.

Can't remove MeshFilter because tk2dSprite (Script) depends on it

Can't remove MeshRenderer because tk2dSprite (Script) depends on it

Can't destroy Transform component of 'Clash Tink'. If you want to destroy the game object, please call 'Destroy' on the game object instead. Destroying the transform component is not allowed.

Can't remove MeshFilter because tk2dSprite (Script) depends on it

Can't remove MeshRenderer because tk2dSprite (Script) depends on it

Can't destroy Transform component of 'Clash Tink'. If you want to destroy the game object, please call 'Destroy' on the game object instead. Destroying the transform component is not allowed.

Can't remove MeshFilter because tk2dSprite (Script) depends on it

Can't remove MeshRenderer because tk2dSprite (Script) depends on it

Can't destroy Transform component of 'Clash Tink'. If you want to destroy the game object, please call 'Destroy' on the game object instead. Destroying the transform component is not allowed.

Can't remove MeshFilter because tk2dSprite (Script) depends on it

Can't remove MeshRenderer because tk2dSprite (Script) depends on it

Can't destroy Transform component of 'Clash Tink'. If you want to destroy the game object, please call 'Destroy' on the game object instead. Destroying the transform component is not allowed.

Can't remove MeshFilter because tk2dSprite (Script) depends on it

Can't remove MeshRenderer because tk2dSprite (Script) depends on it

Can't destroy Transform component of 'Clash Tink'. If you want to destroy the game object, please call 'Destroy' on the game object instead. Destroying the transform component is not allowed.

Can't remove MeshFilter because tk2dSprite (Script) depends on it

Can't remove MeshRenderer because tk2dSprite (Script) depends on it

Can't destroy Transform component of 'Clash Tink'. If you want to destroy the game object, please call 'Destroy' on the game object instead. Destroying the transform component is not allowed.

Can't remove MeshFilter because tk2dSprite (Script) depends on it

Can't remove MeshRenderer because tk2dSprite (Script) depends on it

Can't destroy Transform component of 'Clash Tink'. If you want to destroy the game object, please call 'Destroy' on the game object instead. Destroying the transform component is not allowed.

Can't remove MeshFilter because tk2dSprite (Script) depends on it

Can't remove MeshRenderer because tk2dSprite (Script) depends on it

Can't destroy Transform component of 'Clash Tink'. If you want to destroy the game object, please call 'Destroy' on the game object instead. Destroying the transform component is not allowed.

Can't remove MeshFilter because tk2dSprite (Script) depends on it

Can't remove MeshRenderer because tk2dSprite (Script) depends on it

Can't destroy Transform component of 'Clash Tink'. If you want to destroy the game object, please call 'Destroy' on the game object instead. Destroying the transform component is not allowed.

Can't remove MeshFilter because tk2dSprite (Script) depends on it

Can't remove MeshRenderer because tk2dSprite (Script) depends on it

Can't destroy Transform component of 'Clash Tink'. If you want to destroy the game object, please call 'Destroy' on the game object instead. Destroying the transform component is not allowed.

Can't remove MeshFilter because tk2dSprite (Script) depends on it

Can't remove MeshRenderer because tk2dSprite (Script) depends on it

Can't destroy Transform component of 'Clash Tink'. If you want to destroy the game object, please call 'Destroy' on the game object instead. Destroying the transform component is not allowed.

Can't remove MeshFilter because tk2dSprite (Script) depends on it

Can't remove MeshRenderer because tk2dSprite (Script) depends on it

Can't destroy Transform component of 'Clash Tink'. If you want to destroy the game object, please call 'Destroy' on the game object instead. Destroying the transform component is not allowed.

Can't remove MeshFilter because tk2dSprite (Script) depends on it

Can't remove MeshRenderer because tk2dSprite (Script) depends on it

Can't destroy Transform component of 'Clash Tink'. If you want to destroy the game object, please call 'Destroy' on the game object instead. Destroying the transform component is not allowed.

Can't remove MeshFilter because tk2dSprite (Script) depends on it

Can't remove MeshRenderer because tk2dSprite (Script) depends on it

Can't destroy Transform component of 'Clash Tink'. If you want to destroy the game object, please call 'Destroy' on the game object instead. Destroying the transform component is not allowed.

Can't remove MeshFilter because tk2dSprite (Script) depends on it

Can't remove MeshRenderer because tk2dSprite (Script) depends on it

Can't destroy Transform component of 'Clash Tink'. If you want to destroy the game object, please call 'Destroy' on the game object instead. Destroying the transform component is not allowed.

Can't remove MeshFilter because tk2dSprite (Script) depends on it

Can't remove MeshRenderer because tk2dSprite (Script) depends on it

Can't destroy Transform component of 'Clash Tink'. If you want to destroy the game object, please call 'Destroy' on the game object instead. Destroying the transform component is not allowed.

Can't remove MeshFilter because tk2dSprite (Script) depends on it

Can't remove MeshRenderer because tk2dSprite (Script) depends on it

Can't destroy Transform component of 'Clash Tink'. If you want to destroy the game object, please call 'Destroy' on the game object instead. Destroying the transform component is not allowed.

Can't remove MeshFilter because tk2dSprite (Script) depends on it

Can't remove MeshRenderer because tk2dSprite (Script) depends on it

Can't destroy Transform component of 'Clash Tink'. If you want to destroy the game object, please call 'Destroy' on the game object instead. Destroying the transform component is not allowed.

Can't remove MeshFilter because tk2dSprite (Script) depends on it

Can't remove MeshRenderer because tk2dSprite (Script) depends on it

Can't destroy Transform component of 'Clash Tink'. If you want to destroy the game object, please call 'Destroy' on the game object instead. Destroying the transform component is not allowed.

Can't remove MeshFilter because tk2dSprite (Script) depends on it

Can't remove MeshRenderer because tk2dSprite (Script) depends on it

Can't destroy Transform component of 'Clash Tink'. If you want to destroy the game object, please call 'Destroy' on the game object instead. Destroying the transform component is not allowed.

Can't remove MeshFilter because tk2dSprite (Script) depends on it

Can't remove MeshRenderer because tk2dSprite (Script) depends on it

Can't destroy Transform component of 'Clash Tink'. If you want to destroy the game object, please call 'Destroy' on the game object instead. Destroying the transform component is not allowed.

Can't remove MeshFilter because tk2dSprite (Script) depends on it

Can't remove MeshRenderer because tk2dSprite (Script) depends on it

Can't destroy Transform component of 'Clash Tink'. If you want to destroy the game object, please call 'Destroy' on the game object instead. Destroying the transform component is not allowed.

Can't remove MeshFilter because tk2dSprite (Script) depends on it

Can't remove MeshRenderer because tk2dSprite (Script) depends on it

Can't destroy Transform component of 'Clash Tink'. If you want to destroy the game object, please call 'Destroy' on the game object instead. Destroying the transform component is not allowed.

Can't remove MeshFilter because tk2dSprite (Script) depends on it

Can't remove MeshRenderer because tk2dSprite (Script) depends on it

Can't destroy Transform component of 'Clash Tink'. If you want to destroy the game object, please call 'Destroy' on the game object instead. Destroying the transform component is not allowed.

Can't remove MeshFilter because tk2dSprite (Script) depends on it

Can't remove MeshRenderer because tk2dSprite (Script) depends on it

Can't destroy Transform component of 'Clash Tink'. If you want to destroy the game object, please call 'Destroy' on the game object instead. Destroying the transform component is not allowed.

Can't remove MeshFilter because tk2dSprite (Script) depends on it

Can't remove MeshRenderer because tk2dSprite (Script) depends on it

Can't destroy Transform component of 'Clash Tink'. If you want to destroy the game object, please call 'Destroy' on the game object instead. Destroying the transform component is not allowed.

Can't remove MeshFilter because tk2dSprite (Script) depends on it

Can't remove MeshRenderer because tk2dSprite (Script) depends on it

Can't destroy Transform component of 'Clash Tink'. If you want to destroy the game object, please call 'Destroy' on the game object instead. Destroying the transform component is not allowed.

Can't remove MeshFilter because tk2dSprite (Script) depends on it

Can't remove MeshRenderer because tk2dSprite (Script) depends on it

Can't destroy Transform component of 'Clash Tink'. If you want to destroy the game object, please call 'Destroy' on the game object instead. Destroying the transform component is not allowed.

Can't remove MeshFilter because tk2dSprite (Script) depends on it

Can't remove MeshRenderer because tk2dSprite (Script) depends on it

Can't destroy Transform component of 'Clash Tink'. If you want to destroy the game object, please call 'Destroy' on the game object instead. Destroying the transform component is not allowed.

Can't remove MeshFilter because tk2dSprite (Script) depends on it

Can't remove MeshRenderer because tk2dSprite (Script) depends on it

Can't destroy Transform component of 'Clash Tink'. If you want to destroy the game object, please call 'Destroy' on the game object instead. Destroying the transform component is not allowed.

Object Pool attached to GlobalPool could not find a copy of Dust Land Small, Instantiating a new one.

Can't remove MeshFilter because tk2dSprite (Script) depends on it

Can't remove MeshRenderer because tk2dSprite (Script) depends on it

Can't destroy Transform component of 'Clash Tink'. If you want to destroy the game object, please call 'Destroy' on the game object instead. Destroying the transform component is not allowed.

Can't remove MeshFilter because tk2dSprite (Script) depends on it

Can't remove MeshRenderer because tk2dSprite (Script) depends on it

Can't destroy Transform component of 'Clash Tink'. If you want to destroy the game object, please call 'Destroy' on the game object instead. Destroying the transform component is not allowed.

Can't remove MeshFilter because tk2dSprite (Script) depends on it

Can't remove MeshRenderer because tk2dSprite (Script) depends on it

Can't destroy Transform component of 'Clash Tink'. If you want to destroy the game object, please call 'Destroy' on the game object instead. Destroying the transform component is not allowed.

Can't remove MeshFilter because tk2dSprite (Script) depends on it

Can't remove MeshRenderer because tk2dSprite (Script) depends on it

Can't destroy Transform component of 'Clash Tink'. If you want to destroy the game object, please call 'Destroy' on the game object instead. Destroying the transform component is not allowed.

Can't remove MeshFilter because tk2dSprite (Script) depends on it

Can't remove MeshRenderer because tk2dSprite (Script) depends on it

Can't destroy Transform component of 'Clash Tink'. If you want to destroy the game object, please call 'Destroy' on the game object instead. Destroying the transform component is not allowed.

Object Pool attached to GlobalPool has run out of Slash Impact R prefabs, Instantiating an additional one.

Object Pool attached to GlobalPool has run out of Strike Nail R prefabs, Instantiating an additional one.

Can't remove MeshFilter because tk2dSprite (Script) depends on it

Can't remove MeshRenderer because tk2dSprite (Script) depends on it

Can't destroy Transform component of 'Clash Tink'. If you want to destroy the game object, please call 'Destroy' on the game object instead. Destroying the transform component is not allowed.

Object Pool attached to GlobalPool has run out of Audio Player Actor prefabs, Instantiating an additional one.

Object Pool attached to GlobalPool has run out of White Flash R prefabs, Instantiating an additional one.

Object Pool attached to GlobalPool has run out of Audio Player Actor prefabs, Instantiating an additional one.

Object Pool attached to GlobalPool has run out of Audio Player Actor prefabs, Instantiating an additional one.

Object Pool attached to GlobalPool has run out of Audio Player Actor prefabs, Instantiating an additional one.

Can't remove MeshFilter because tk2dSprite (Script) depends on it

Can't remove MeshRenderer because tk2dSprite (Script) depends on it

Can't destroy Transform component of 'Clash Tink'. If you want to destroy the game object, please call 'Destroy' on the game object instead. Destroying the transform component is not allowed.

Object Pool attached to GlobalPool has run out of Audio Player Actor prefabs, Instantiating an additional one.

Can't remove MeshFilter because tk2dSprite (Script) depends on it

Can't remove MeshRenderer because tk2dSprite (Script) depends on it

Can't destroy Transform component of 'Clash Tink'. If you want to destroy the game object, please call 'Destroy' on the game object instead. Destroying the transform component is not allowed.

Can't remove MeshFilter because tk2dSprite (Script) depends on it

Can't remove MeshRenderer because tk2dSprite (Script) depends on it

Can't destroy Transform component of 'Clash Tink'. If you want to destroy the game object, please call 'Destroy' on the game object instead. Destroying the transform component is not allowed.

Can't remove MeshFilter because tk2dSprite (Script) depends on it

Can't remove MeshRenderer because tk2dSprite (Script) depends on it

Can't destroy Transform component of 'Clash Tink'. If you want to destroy the game object, please call 'Destroy' on the game object instead. Destroying the transform component is not allowed.

Can't remove MeshFilter because tk2dSprite (Script) depends on it

Can't remove MeshRenderer because tk2dSprite (Script) depends on it

Can't destroy Transform component of 'Clash Tink'. If you want to destroy the game object, please call 'Destroy' on the game object instead. Destroying the transform component is not allowed.

Can't remove MeshFilter because tk2dSprite (Script) depends on it

Can't remove MeshRenderer because tk2dSprite (Script) depends on it

Can't destroy Transform component of 'Clash Tink'. If you want to destroy the game object, please call 'Destroy' on the game object instead. Destroying the transform component is not allowed.

Can't remove MeshFilter because tk2dSprite (Script) depends on it

Can't remove MeshRenderer because tk2dSprite (Script) depends on it

Can't destroy Transform component of 'Clash Tink'. If you want to destroy the game object, please call 'Destroy' on the game object instead. Destroying the transform component is not allowed.

Can't remove MeshFilter because tk2dSprite (Script) depends on it

Can't remove MeshRenderer because tk2dSprite (Script) depends on it

Can't destroy Transform component of 'Clash Tink'. If you want to destroy the game object, please call 'Destroy' on the game object instead. Destroying the transform component is not allowed.

Can't remove MeshFilter because tk2dSprite (Script) depends on it

Can't remove MeshRenderer because tk2dSprite (Script) depends on it

Can't destroy Transform component of 'Clash Tink'. If you want to destroy the game object, please call 'Destroy' on the game object instead. Destroying the transform component is not allowed.

Can't remove MeshFilter because tk2dSprite (Script) depends on it

Can't remove MeshRenderer because tk2dSprite (Script) depends on it

Can't destroy Transform component of 'Clash Tink'. If you want to destroy the game object, please call 'Destroy' on the game object instead. Destroying the transform component is not allowed.

Can't remove MeshFilter because tk2dSprite (Script) depends on it

Can't remove MeshRenderer because tk2dSprite (Script) depends on it

Can't destroy Transform component of 'Clash Tink'. If you want to destroy the game object, please call 'Destroy' on the game object instead. Destroying the transform component is not allowed.

Can't remove MeshFilter because tk2dSprite (Script) depends on it

Can't remove MeshRenderer because tk2dSprite (Script) depends on it

Can't destroy Transform component of 'Clash Tink'. If you want to destroy the game object, please call 'Destroy' on the game object instead. Destroying the transform component is not allowed.

Can't remove MeshFilter because tk2dSprite (Script) depends on it

Can't remove MeshRenderer because tk2dSprite (Script) depends on it

Can't destroy Transform component of 'Clash Tink'. If you want to destroy the game object, please call 'Destroy' on the game object instead. Destroying the transform component is not allowed.

Can't remove MeshFilter because tk2dSprite (Script) depends on it

Can't remove MeshRenderer because tk2dSprite (Script) depends on it

Can't destroy Transform component of 'Clash Tink'. If you want to destroy the game object, please call 'Destroy' on the game object instead. Destroying the transform component is not allowed.

Can't remove MeshFilter because tk2dSprite (Script) depends on it

Can't remove MeshRenderer because tk2dSprite (Script) depends on it

Can't destroy Transform component of 'Clash Tink'. If you want to destroy the game object, please call 'Destroy' on the game object instead. Destroying the transform component is not allowed.

Can't remove MeshFilter because tk2dSprite (Script) depends on it

Can't remove MeshRenderer because tk2dSprite (Script) depends on it

Can't destroy Transform component of 'Clash Tink'. If you want to destroy the game object, please call 'Destroy' on the game object instead. Destroying the transform component is not allowed.

Can't remove MeshFilter because tk2dSprite (Script) depends on it

Can't remove MeshRenderer because tk2dSprite (Script) depends on it

Can't destroy Transform component of 'Clash Tink'. If you want to destroy the game object, please call 'Destroy' on the game object instead. Destroying the transform component is not allowed.

Can't remove MeshFilter because tk2dSprite (Script) depends on it

Can't remove MeshRenderer because tk2dSprite (Script) depends on it

Can't destroy Transform component of 'Clash Tink'. If you want to destroy the game object, please call 'Destroy' on the game object instead. Destroying the transform component is not allowed.

Can't remove MeshFilter because tk2dSprite (Script) depends on it

Can't remove MeshRenderer because tk2dSprite (Script) depends on it

Can't destroy Transform component of 'Clash Tink'. If you want to destroy the game object, please call 'Destroy' on the game object instead. Destroying the transform component is not allowed.

Can't remove MeshFilter because tk2dSprite (Script) depends on it

Can't remove MeshRenderer because tk2dSprite (Script) depends on it

Can't destroy Transform component of 'Clash Tink'. If you want to destroy the game object, please call 'Destroy' on the game object instead. Destroying the transform component is not allowed.

Can't remove MeshFilter because tk2dSprite (Script) depends on it

Can't remove MeshRenderer because tk2dSprite (Script) depends on it

Can't destroy Transform component of 'Clash Tink'. If you want to destroy the game object, please call 'Destroy' on the game object instead. Destroying the transform component is not allowed.

Can't remove MeshFilter because tk2dSprite (Script) depends on it

Can't remove MeshRenderer because tk2dSprite (Script) depends on it

Can't destroy Transform component of 'Clash Tink'. If you want to destroy the game object, please call 'Destroy' on the game object instead. Destroying the transform component is not allowed.

Can't remove MeshFilter because tk2dSprite (Script) depends on it

Can't remove MeshRenderer because tk2dSprite (Script) depends on it

Can't destroy Transform component of 'Clash Tink'. If you want to destroy the game object, please call 'Destroy' on the game object instead. Destroying the transform component is not allowed.

Can't remove MeshFilter because tk2dSprite (Script) depends on it

Can't remove MeshRenderer because tk2dSprite (Script) depends on it

Can't destroy Transform component of 'Clash Tink'. If you want to destroy the game object, please call 'Destroy' on the game object instead. Destroying the transform component is not allowed.

Can't remove MeshFilter because tk2dSprite (Script) depends on it

Can't remove MeshRenderer because tk2dSprite (Script) depends on it

Can't destroy Transform component of 'Clash Tink'. If you want to destroy the game object, please call 'Destroy' on the game object instead. Destroying the transform component is not allowed.

Can't remove MeshFilter because tk2dSprite (Script) depends on it

Can't remove MeshRenderer because tk2dSprite (Script) depends on it

Can't destroy Transform component of 'Clash Tink'. If you want to destroy the game object, please call 'Destroy' on the game object instead. Destroying the transform component is not allowed.

Can't remove MeshFilter because tk2dSprite (Script) depends on it

Can't remove MeshRenderer because tk2dSprite (Script) depends on it

Can't destroy Transform component of 'Clash Tink'. If you want to destroy the game object, please call 'Destroy' on the game object instead. Destroying the transform component is not allowed.

Can't remove MeshFilter because tk2dSprite (Script) depends on it

Can't remove MeshRenderer because tk2dSprite (Script) depends on it

Can't destroy Transform component of 'Clash Tink'. If you want to destroy the game object, please call 'Destroy' on the game object instead. Destroying the transform component is not allowed.

Can't remove MeshFilter because tk2dSprite (Script) depends on it

Can't remove MeshRenderer because tk2dSprite (Script) depends on it

Can't destroy Transform component of 'Clash Tink'. If you want to destroy the game object, please call 'Destroy' on the game object instead. Destroying the transform component is not allowed.

get_actions: Fsm not initialized: Cast Right

get_fsm: Fsm not initialized: Cast Right

get_fsm: Fsm not initialized: Cast Right

state.Fsm == null

Error Loading Action: Cast Right : HutongGames.PlayMaker.Actions.SetScale : vector
System.NullReferenceException: Object reference not set to an instance of an object
  at HutongGames.PlayMaker.ActionData.GetFsmVector3 (HutongGames.PlayMaker.Fsm fsm, System.Int32 paramIndex) [0x0000d] in <29eb59fa5c9943cd8f336db074533d31>:0 
  at HutongGames.PlayMaker.ActionData.LoadActionField (HutongGames.PlayMaker.Fsm fsm, System.Object obj, System.Reflection.FieldInfo field, System.Int32 paramIndex) [0x00129] in <29eb59fa5c9943cd8f336db074533d31>:0 
  at HutongGames.PlayMaker.ActionData.CreateAction (HutongGames.PlayMaker.ActionData+Context context, System.Int32 actionIndex) [0x0024f] in <29eb59fa5c9943cd8f336db074533d31>:0 

fsm == null!

fsm == null!

fsm == null!

get_fsm: Fsm not initialized: Cast Right

state.Fsm == null

Error Loading Action: Cast Right : HutongGames.PlayMaker.Actions.SendEventByName : eventTarget
System.NullReferenceException: Object reference not set to an instance of an object
  at HutongGames.PlayMaker.ActionData.GetFsmEventTarget (HutongGames.PlayMaker.Fsm fsm, System.Int32 paramIndex) [0x00063] in <29eb59fa5c9943cd8f336db074533d31>:0 
  at HutongGames.PlayMaker.ActionData.LoadActionField (HutongGames.PlayMaker.Fsm fsm, System.Object obj, System.Reflection.FieldInfo field, System.Int32 paramIndex) [0x00295] in <29eb59fa5c9943cd8f336db074533d31>:0 
  at HutongGames.PlayMaker.ActionData.CreateAction (HutongGames.PlayMaker.ActionData+Context context, System.Int32 actionIndex) [0x0024f] in <29eb59fa5c9943cd8f336db074533d31>:0 

fsm == null!

get_fsm: Fsm not initialized: Cast Right

state.Fsm == null

Error Loading Action: Cast Right : HutongGames.PlayMaker.Actions.SetRotation : gameObject
System.NullReferenceException: Object reference not set to an instance of an object
  at HutongGames.PlayMaker.ActionData.GetFsmOwnerDefault (HutongGames.PlayMaker.Fsm fsm, System.Int32 paramIndex) [0x0003d] in <29eb59fa5c9943cd8f336db074533d31>:0 
  at HutongGames.PlayMaker.ActionData.LoadActionField (HutongGames.PlayMaker.Fsm fsm, System.Object obj, System.Reflection.FieldInfo field, System.Int32 paramIndex) [0x002cd] in <29eb59fa5c9943cd8f336db074533d31>:0 
  at HutongGames.PlayMaker.ActionData.CreateAction (HutongGames.PlayMaker.ActionData+Context context, System.Int32 actionIndex) [0x0024f] in <29eb59fa5c9943cd8f336db074533d31>:0 

Error Loading Action: Cast Right : HutongGames.PlayMaker.Actions.SetRotation : quaternion
System.NullReferenceException: Object reference not set to an instance of an object
  at HutongGames.PlayMaker.ActionData.GetFsmQuaternion (HutongGames.PlayMaker.Fsm fsm, System.Int32 paramIndex) [0x0000d] in <29eb59fa5c9943cd8f336db074533d31>:0 
  at HutongGames.PlayMaker.ActionData.LoadActionField (HutongGames.PlayMaker.Fsm fsm, System.Object obj, System.Reflection.FieldInfo field, System.Int32 paramIndex) [0x00161] in <29eb59fa5c9943cd8f336db074533d31>:0 
  at HutongGames.PlayMaker.ActionData.CreateAction (HutongGames.PlayMaker.ActionData+Context context, System.Int32 actionIndex) [0x0024f] in <29eb59fa5c9943cd8f336db074533d31>:0 

Error Loading Action: Cast Right : HutongGames.PlayMaker.Actions.SetRotation : vector
System.NullReferenceException: Object reference not set to an instance of an object
  at HutongGames.PlayMaker.ActionData.GetFsmVector3 (HutongGames.PlayMaker.Fsm fsm, System.Int32 paramIndex) [0x0000d] in <29eb59fa5c9943cd8f336db074533d31>:0 
  at HutongGames.PlayMaker.ActionData.LoadActionField (HutongGames.PlayMaker.Fsm fsm, System.Object obj, System.Reflection.FieldInfo field, System.Int32 paramIndex) [0x00129] in <29eb59fa5c9943cd8f336db074533d31>:0 
  at HutongGames.PlayMaker.ActionData.CreateAction (HutongGames.PlayMaker.ActionData+Context context, System.Int32 actionIndex) [0x0024f] in <29eb59fa5c9943cd8f336db074533d31>:0 

fsm == null!

fsm == null!

fsm == null!

get_fsm: Fsm not initialized: Cast Right

state.Fsm == null

Error Loading Action: Cast Right : HutongGames.PlayMaker.Actions.CreateObject : spawnPoint
System.NullReferenceException: Object reference not set to an instance of an object
  at HutongGames.PlayMaker.ActionData.GetFsmGameObject (HutongGames.PlayMaker.Fsm fsm, System.Int32 paramIndex) [0x00037] in <29eb59fa5c9943cd8f336db074533d31>:0 
  at HutongGames.PlayMaker.ActionData.LoadActionField (HutongGames.PlayMaker.Fsm fsm, System.Object obj, System.Reflection.FieldInfo field, System.Int32 paramIndex) [0x00016] in <29eb59fa5c9943cd8f336db074533d31>:0 
  at HutongGames.PlayMaker.ActionData.CreateAction (HutongGames.PlayMaker.ActionData+Context context, System.Int32 actionIndex) [0x0024f] in <29eb59fa5c9943cd8f336db074533d31>:0 

Error Loading Action: Cast Right : HutongGames.PlayMaker.Actions.CreateObject : position
System.NullReferenceException: Object reference not set to an instance of an object
  at HutongGames.PlayMaker.ActionData.GetFsmVector3 (HutongGames.PlayMaker.Fsm fsm, System.Int32 paramIndex) [0x0000d] in <29eb59fa5c9943cd8f336db074533d31>:0 
  at HutongGames.PlayMaker.ActionData.LoadActionField (HutongGames.PlayMaker.Fsm fsm, System.Object obj, System.Reflection.FieldInfo field, System.Int32 paramIndex) [0x00129] in <29eb59fa5c9943cd8f336db074533d31>:0 
  at HutongGames.PlayMaker.ActionData.CreateAction (HutongGames.PlayMaker.ActionData+Context context, System.Int32 actionIndex) [0x0024f] in <29eb59fa5c9943cd8f336db074533d31>:0 

Error Loading Action: Cast Right : HutongGames.PlayMaker.Actions.CreateObject : rotation
System.NullReferenceException: Object reference not set to an instance of an object
  at HutongGames.PlayMaker.ActionData.GetFsmVector3 (HutongGames.PlayMaker.Fsm fsm, System.Int32 paramIndex) [0x0000d] in <29eb59fa5c9943cd8f336db074533d31>:0 
  at HutongGames.PlayMaker.ActionData.LoadActionField (HutongGames.PlayMaker.Fsm fsm, System.Object obj, System.Reflection.FieldInfo field, System.Int32 paramIndex) [0x00129] in <29eb59fa5c9943cd8f336db074533d31>:0 
  at HutongGames.PlayMaker.ActionData.CreateAction (HutongGames.PlayMaker.ActionData+Context context, System.Int32 actionIndex) [0x0024f] in <29eb59fa5c9943cd8f336db074533d31>:0 

Error Loading Action: Cast Right : HutongGames.PlayMaker.Actions.CreateObject : storeObject
System.NullReferenceException: Object reference not set to an instance of an object
  at HutongGames.PlayMaker.ActionData.GetFsmGameObject (HutongGames.PlayMaker.Fsm fsm, System.Int32 paramIndex) [0x00037] in <29eb59fa5c9943cd8f336db074533d31>:0 
  at HutongGames.PlayMaker.ActionData.LoadActionField (HutongGames.PlayMaker.Fsm fsm, System.Object obj, System.Reflection.FieldInfo field, System.Int32 paramIndex) [0x00016] in <29eb59fa5c9943cd8f336db074533d31>:0 
  at HutongGames.PlayMaker.ActionData.CreateAction (HutongGames.PlayMaker.ActionData+Context context, System.Int32 actionIndex) [0x0024f] in <29eb59fa5c9943cd8f336db074533d31>:0 

Error Loading Action: Cast Right : HutongGames.PlayMaker.Actions.CreateObject : networkInstantiate
System.NullReferenceException: Object reference not set to an instance of an object
  at HutongGames.PlayMaker.ActionData.GetFsmBool (HutongGames.PlayMaker.Fsm fsm, System.Int32 paramIndex) [0x0000d] in <29eb59fa5c9943cd8f336db074533d31>:0 
  at HutongGames.PlayMaker.ActionData.LoadActionField (HutongGames.PlayMaker.Fsm fsm, System.Object obj, System.Reflection.FieldInfo field, System.Int32 paramIndex) [0x000f1] in <29eb59fa5c9943cd8f336db074533d31>:0 
  at HutongGames.PlayMaker.ActionData.CreateAction (HutongGames.PlayMaker.ActionData+Context context, System.Int32 actionIndex) [0x0024f] in <29eb59fa5c9943cd8f336db074533d31>:0 

Error Loading Action: Cast Right : HutongGames.PlayMaker.Actions.CreateObject : networkGroup
System.NullReferenceException: Object reference not set to an instance of an object
  at HutongGames.PlayMaker.ActionData.GetFsmInt (HutongGames.PlayMaker.Fsm fsm, System.Int32 paramIndex) [0x0000d] in <29eb59fa5c9943cd8f336db074533d31>:0 
  at HutongGames.PlayMaker.ActionData.LoadActionField (HutongGames.PlayMaker.Fsm fsm, System.Object obj, System.Reflection.FieldInfo field, System.Int32 paramIndex) [0x000d5] in <29eb59fa5c9943cd8f336db074533d31>:0 
  at HutongGames.PlayMaker.ActionData.CreateAction (HutongGames.PlayMaker.ActionData+Context context, System.Int32 actionIndex) [0x0024f] in <29eb59fa5c9943cd8f336db074533d31>:0 

get_fsm: Fsm not initialized: Cast Right

state.Fsm == null

Error Loading Action: Cast Right : HutongGames.PlayMaker.Actions.SetScale : gameObject
System.NullReferenceException: Object reference not set to an instance of an object
  at HutongGames.PlayMaker.ActionData.GetFsmOwnerDefault (HutongGames.PlayMaker.Fsm fsm, System.Int32 paramIndex) [0x0003d] in <29eb59fa5c9943cd8f336db074533d31>:0 
  at HutongGames.PlayMaker.ActionData.LoadActionField (HutongGames.PlayMaker.Fsm fsm, System.Object obj, System.Reflection.FieldInfo field, System.Int32 paramIndex) [0x002cd] in <29eb59fa5c9943cd8f336db074533d31>:0 
  at HutongGames.PlayMaker.ActionData.CreateAction (HutongGames.PlayMaker.ActionData+Context context, System.Int32 actionIndex) [0x0024f] in <29eb59fa5c9943cd8f336db074533d31>:0 

Error Loading Action: Cast Right : HutongGames.PlayMaker.Actions.SetScale : vector
System.NullReferenceException: Object reference not set to an instance of an object
  at HutongGames.PlayMaker.ActionData.GetFsmVector3 (HutongGames.PlayMaker.Fsm fsm, System.Int32 paramIndex) [0x0000d] in <29eb59fa5c9943cd8f336db074533d31>:0 
  at HutongGames.PlayMaker.ActionData.LoadActionField (HutongGames.PlayMaker.Fsm fsm, System.Object obj, System.Reflection.FieldInfo field, System.Int32 paramIndex) [0x00129] in <29eb59fa5c9943cd8f336db074533d31>:0 
  at HutongGames.PlayMaker.ActionData.CreateAction (HutongGames.PlayMaker.ActionData+Context context, System.Int32 actionIndex) [0x0024f] in <29eb59fa5c9943cd8f336db074533d31>:0 

fsm == null!

fsm == null!

fsm == null!

get_fsm: Fsm not initialized: Cast Right

state.Fsm == null

Error Loading Action: Cast Right : HutongGames.PlayMaker.Actions.PlayerDataBoolTest : gameObject
System.NullReferenceException: Object reference not set to an instance of an object
  at HutongGames.PlayMaker.ActionData.GetFsmOwnerDefault (HutongGames.PlayMaker.Fsm fsm, System.Int32 paramIndex) [0x0003d] in <29eb59fa5c9943cd8f336db074533d31>:0 
  at HutongGames.PlayMaker.ActionData.LoadActionField (HutongGames.PlayMaker.Fsm fsm, System.Object obj, System.Reflection.FieldInfo field, System.Int32 paramIndex) [0x002cd] in <29eb59fa5c9943cd8f336db074533d31>:0 
  at HutongGames.PlayMaker.ActionData.CreateAction (HutongGames.PlayMaker.ActionData+Context context, System.Int32 actionIndex) [0x0024f] in <29eb59fa5c9943cd8f336db074533d31>:0 

Error Loading Action: Cast Right : HutongGames.PlayMaker.Actions.PlayerDataBoolTest : isTrue
System.NullReferenceException: Object reference not set to an instance of an object
  at HutongGames.PlayMaker.ActionData.LoadActionField (HutongGames.PlayMaker.Fsm fsm, System.Object obj, System.Reflection.FieldInfo field, System.Int32 paramIndex) [0x00032] in <29eb59fa5c9943cd8f336db074533d31>:0 
  at HutongGames.PlayMaker.ActionData.CreateAction (HutongGames.PlayMaker.ActionData+Context context, System.Int32 actionIndex) [0x0024f] in <29eb59fa5c9943cd8f336db074533d31>:0 

Error Loading Action: Cast Right : HutongGames.PlayMaker.Actions.PlayerDataBoolTest : isFalse
System.NullReferenceException: Object reference not set to an instance of an object
  at HutongGames.PlayMaker.ActionData.LoadActionField (HutongGames.PlayMaker.Fsm fsm, System.Object obj, System.Reflection.FieldInfo field, System.Int32 paramIndex) [0x00032] in <29eb59fa5c9943cd8f336db074533d31>:0 
  at HutongGames.PlayMaker.ActionData.CreateAction (HutongGames.PlayMaker.ActionData+Context context, System.Int32 actionIndex) [0x0024f] in <29eb59fa5c9943cd8f336db074533d31>:0 

get_fsm: Fsm not initialized: Cast Right

state.Fsm == null

Error Loading Action: Cast Right : HutongGames.PlayMaker.Actions.AudioPlayerOneShotSingle : spawnPoint
System.NullReferenceException: Object reference not set to an instance of an object
  at HutongGames.PlayMaker.ActionData.GetFsmGameObject (HutongGames.PlayMaker.Fsm fsm, System.Int32 paramIndex) [0x00037] in <29eb59fa5c9943cd8f336db074533d31>:0 
  at HutongGames.PlayMaker.ActionData.LoadActionField (HutongGames.PlayMaker.Fsm fsm, System.Object obj, System.Reflection.FieldInfo field, System.Int32 paramIndex) [0x00016] in <29eb59fa5c9943cd8f336db074533d31>:0 
  at HutongGames.PlayMaker.ActionData.CreateAction (HutongGames.PlayMaker.ActionData+Context context, System.Int32 actionIndex) [0x0024f] in <29eb59fa5c9943cd8f336db074533d31>:0 

fsm == null!

fsm == null!

fsm == null!

fsm == null!

get_fsm: Fsm not initialized: Cast Right

state.Fsm == null

Error Loading Action: Cast Right : HutongGames.PlayMaker.Actions.SpawnObjectFromGlobalPool : spawnPoint
System.NullReferenceException: Object reference not set to an instance of an object
  at HutongGames.PlayMaker.ActionData.GetFsmGameObject (HutongGames.PlayMaker.Fsm fsm, System.Int32 paramIndex) [0x00037] in <29eb59fa5c9943cd8f336db074533d31>:0 
  at HutongGames.PlayMaker.ActionData.LoadActionField (HutongGames.PlayMaker.Fsm fsm, System.Object obj, System.Reflection.FieldInfo field, System.Int32 paramIndex) [0x00016] in <29eb59fa5c9943cd8f336db074533d31>:0 
  at HutongGames.PlayMaker.ActionData.CreateAction (HutongGames.PlayMaker.ActionData+Context context, System.Int32 actionIndex) [0x0024f] in <29eb59fa5c9943cd8f336db074533d31>:0 

Error Loading Action: Cast Right : HutongGames.PlayMaker.Actions.SpawnObjectFromGlobalPool : position
System.NullReferenceException: Object reference not set to an instance of an object
  at HutongGames.PlayMaker.ActionData.GetFsmVector3 (HutongGames.PlayMaker.Fsm fsm, System.Int32 paramIndex) [0x0000d] in <29eb59fa5c9943cd8f336db074533d31>:0 
  at HutongGames.PlayMaker.ActionData.LoadActionField (HutongGames.PlayMaker.Fsm fsm, System.Object obj, System.Reflection.FieldInfo field, System.Int32 paramIndex) [0x00129] in <29eb59fa5c9943cd8f336db074533d31>:0 
  at HutongGames.PlayMaker.ActionData.CreateAction (HutongGames.PlayMaker.ActionData+Context context, System.Int32 actionIndex) [0x0024f] in <29eb59fa5c9943cd8f336db074533d31>:0 

Error Loading Action: Cast Right : HutongGames.PlayMaker.Actions.SpawnObjectFromGlobalPool : rotation
System.NullReferenceException: Object reference not set to an instance of an object
  at HutongGames.PlayMaker.ActionData.GetFsmVector3 (HutongGames.PlayMaker.Fsm fsm, System.Int32 paramIndex) [0x0000d] in <29eb59fa5c9943cd8f336db074533d31>:0 
  at HutongGames.PlayMaker.ActionData.LoadActionField (HutongGames.PlayMaker.Fsm fsm, System.Object obj, System.Reflection.FieldInfo field, System.Int32 paramIndex) [0x00129] in <29eb59fa5c9943cd8f336db074533d31>:0 
  at HutongGames.PlayMaker.ActionData.CreateAction (HutongGames.PlayMaker.ActionData+Context context, System.Int32 actionIndex) [0x0024f] in <29eb59fa5c9943cd8f336db074533d31>:0 

Error Loading Action: Cast Right : HutongGames.PlayMaker.Actions.SpawnObjectFromGlobalPool : storeObject
System.NullReferenceException: Object reference not set to an instance of an object
  at HutongGames.PlayMaker.ActionData.GetFsmGameObject (HutongGames.PlayMaker.Fsm fsm, System.Int32 paramIndex) [0x00037] in <29eb59fa5c9943cd8f336db074533d31>:0 
  at HutongGames.PlayMaker.ActionData.LoadActionField (HutongGames.PlayMaker.Fsm fsm, System.Object obj, System.Reflection.FieldInfo field, System.Int32 paramIndex) [0x00016] in <29eb59fa5c9943cd8f336db074533d31>:0 
  at HutongGames.PlayMaker.ActionData.CreateAction (HutongGames.PlayMaker.ActionData+Context context, System.Int32 actionIndex) [0x0024f] in <29eb59fa5c9943cd8f336db074533d31>:0 

get_fsm: Fsm not initialized: Cast Right

state.Fsm == null

Error Loading Action: Cast Right : HutongGames.PlayMaker.Actions.SetScale : gameObject
System.NullReferenceException: Object reference not set to an instance of an object
  at HutongGames.PlayMaker.ActionData.GetFsmOwnerDefault (HutongGames.PlayMaker.Fsm fsm, System.Int32 paramIndex) [0x0003d] in <29eb59fa5c9943cd8f336db074533d31>:0 
  at HutongGames.PlayMaker.ActionData.LoadActionField (HutongGames.PlayMaker.Fsm fsm, System.Object obj, System.Reflection.FieldInfo field, System.Int32 paramIndex) [0x002cd] in <29eb59fa5c9943cd8f336db074533d31>:0 
  at HutongGames.PlayMaker.ActionData.CreateAction (HutongGames.PlayMaker.ActionData+Context context, System.Int32 actionIndex) [0x0024f] in <29eb59fa5c9943cd8f336db074533d31>:0 

Error Loading Action: Cast Right : HutongGames.PlayMaker.Actions.SetScale : vector
System.NullReferenceException: Object reference not set to an instance of an object
  at HutongGames.PlayMaker.ActionData.GetFsmVector3 (HutongGames.PlayMaker.Fsm fsm, System.Int32 paramIndex) [0x0000d] in <29eb59fa5c9943cd8f336db074533d31>:0 
  at HutongGames.PlayMaker.ActionData.LoadActionField (HutongGames.PlayMaker.Fsm fsm, System.Object obj, System.Reflection.FieldInfo field, System.Int32 paramIndex) [0x00129] in <29eb59fa5c9943cd8f336db074533d31>:0 
  at HutongGames.PlayMaker.ActionData.CreateAction (HutongGames.PlayMaker.ActionData+Context context, System.Int32 actionIndex) [0x0024f] in <29eb59fa5c9943cd8f336db074533d31>:0 

fsm == null!

fsm == null!

fsm == null!

get_fsm: Fsm not initialized: Cast Right

state.Fsm == null

Error Loading Action: Cast Right : HutongGames.PlayMaker.Actions.SetVelocityAsAngle : gameObject
System.NullReferenceException: Object reference not set to an instance of an object
  at HutongGames.PlayMaker.ActionData.GetFsmOwnerDefault (HutongGames.PlayMaker.Fsm fsm, System.Int32 paramIndex) [0x0003d] in <29eb59fa5c9943cd8f336db074533d31>:0 
  at HutongGames.PlayMaker.ActionData.LoadActionField (HutongGames.PlayMaker.Fsm fsm, System.Object obj, System.Reflection.FieldInfo field, System.Int32 paramIndex) [0x002cd] in <29eb59fa5c9943cd8f336db074533d31>:0 
  at HutongGames.PlayMaker.ActionData.CreateAction (HutongGames.PlayMaker.ActionData+Context context, System.Int32 actionIndex) [0x0024f] in <29eb59fa5c9943cd8f336db074533d31>:0 

fsm == null!

fsm == null!

get_fsm: Fsm not initialized: Cast Right

state.Fsm == null

Error Loading Action: Cast Right : HutongGames.PlayMaker.Actions.SetFsmFloat : gameObject
System.NullReferenceException: Object reference not set to an instance of an object
  at HutongGames.PlayMaker.ActionData.GetFsmOwnerDefault (HutongGames.PlayMaker.Fsm fsm, System.Int32 paramIndex) [0x0003d] in <29eb59fa5c9943cd8f336db074533d31>:0 
  at HutongGames.PlayMaker.ActionData.LoadActionField (HutongGames.PlayMaker.Fsm fsm, System.Object obj, System.Reflection.FieldInfo field, System.Int32 paramIndex) [0x002cd] in <29eb59fa5c9943cd8f336db074533d31>:0 
  at HutongGames.PlayMaker.ActionData.CreateAction (HutongGames.PlayMaker.ActionData+Context context, System.Int32 actionIndex) [0x0024f] in <29eb59fa5c9943cd8f336db074533d31>:0 

fsm == null!

get_actions: Fsm not initialized: Cast Right

get_actions: Fsm not initialized: Cast Right

get_actions: Fsm not initialized: Cast Right

get_actions: Fsm not initialized: Cast Right

get_actions: Fsm not initialized: Cast Right

AddEventHandlerComponent: PlayMakerFixedUpdate

Can't remove MeshFilter because tk2dSprite (Script) depends on it

Can't remove MeshRenderer because tk2dSprite (Script) depends on it

Can't destroy Transform component of 'Clash Tink'. If you want to destroy the game object, please call 'Destroy' on the game object instead. Destroying the transform component is not allowed.

get_actions: Fsm not initialized: Cast Right

get_actions: Fsm not initialized: Cast Right

get_actions: Fsm not initialized: Cast Right

get_actions: Fsm not initialized: Cast Right

get_actions: Fsm not initialized: Cast Right

get_actions: Fsm not initialized: Cast Right

AddEventHandlerComponent: PlayMakerFixedUpdate

get_actions: Fsm not initialized: Cast Right

get_actions: Fsm not initialized: Cast Right

get_actions: Fsm not initialized: Cast Right

get_actions: Fsm not initialized: Cast Right

get_actions: Fsm not initialized: Cast Right

get_actions: Fsm not initialized: Cast Right

AddEventHandlerComponent: PlayMakerFixedUpdate

Can't remove MeshFilter because tk2dSprite (Script) depends on it

Can't remove MeshRenderer because tk2dSprite (Script) depends on it

Can't destroy Transform component of 'Clash Tink'. If you want to destroy the game object, please call 'Destroy' on the game object instead. Destroying the transform component is not allowed.

Can't remove MeshFilter because tk2dSprite (Script) depends on it

Can't remove MeshRenderer because tk2dSprite (Script) depends on it

Can't destroy Transform component of 'Clash Tink'. If you want to destroy the game object, please call 'Destroy' on the game object instead. Destroying the transform component is not allowed.

Can't remove MeshFilter because tk2dSprite (Script) depends on it

Can't remove MeshRenderer because tk2dSprite (Script) depends on it

Can't destroy Transform component of 'Clash Tink'. If you want to destroy the game object, please call 'Destroy' on the game object instead. Destroying the transform component is not allowed.

Can't remove MeshFilter because tk2dSprite (Script) depends on it

Can't remove MeshRenderer because tk2dSprite (Script) depends on it

Can't destroy Transform component of 'Clash Tink'. If you want to destroy the game object, please call 'Destroy' on the game object instead. Destroying the transform component is not allowed.

Can't remove MeshFilter because tk2dSprite (Script) depends on it

Can't remove MeshRenderer because tk2dSprite (Script) depends on it

Can't destroy Transform component of 'Clash Tink'. If you want to destroy the game object, please call 'Destroy' on the game object instead. Destroying the transform component is not allowed.

Can't remove MeshFilter because tk2dSprite (Script) depends on it

Can't remove MeshRenderer because tk2dSprite (Script) depends on it

Can't destroy Transform component of 'Clash Tink'. If you want to destroy the game object, please call 'Destroy' on the game object instead. Destroying the transform component is not allowed.

Can't remove MeshFilter because tk2dSprite (Script) depends on it

Can't remove MeshRenderer because tk2dSprite (Script) depends on it

Can't destroy Transform component of 'Clash Tink'. If you want to destroy the game object, please call 'Destroy' on the game object instead. Destroying the transform component is not allowed.

get_actions: Fsm not initialized: Cast Right

get_actions: Fsm not initialized: Cast Right

get_actions: Fsm not initialized: Cast Right

get_actions: Fsm not initialized: Cast Right

get_actions: Fsm not initialized: Cast Right

get_actions: Fsm not initialized: Cast Right

AddEventHandlerComponent: PlayMakerFixedUpdate

Can't remove MeshFilter because tk2dSprite (Script) depends on it

Can't remove MeshRenderer because tk2dSprite (Script) depends on it

Can't destroy Transform component of 'Clash Tink'. If you want to destroy the game object, please call 'Destroy' on the game object instead. Destroying the transform component is not allowed.

Can't remove MeshFilter because tk2dSprite (Script) depends on it

Can't remove MeshRenderer because tk2dSprite (Script) depends on it

Can't destroy Transform component of 'Clash Tink'. If you want to destroy the game object, please call 'Destroy' on the game object instead. Destroying the transform component is not allowed.

Can't remove MeshFilter because tk2dSprite (Script) depends on it

Can't remove MeshRenderer because tk2dSprite (Script) depends on it

Can't destroy Transform component of 'Clash Tink'. If you want to destroy the game object, please call 'Destroy' on the game object instead. Destroying the transform component is not allowed.

Can't remove MeshFilter because tk2dSprite (Script) depends on it

Can't remove MeshRenderer because tk2dSprite (Script) depends on it

Can't destroy Transform component of 'Clash Tink'. If you want to destroy the game object, please call 'Destroy' on the game object instead. Destroying the transform component is not allowed.

Can't remove MeshFilter because tk2dSprite (Script) depends on it

Can't remove MeshRenderer because tk2dSprite (Script) depends on it

Can't destroy Transform component of 'Clash Tink'. If you want to destroy the game object, please call 'Destroy' on the game object instead. Destroying the transform component is not allowed.

AddEventHandlerComponent: PlayMakerFixedUpdate

Can't remove MeshFilter because tk2dSprite (Script) depends on it

Can't remove MeshRenderer because tk2dSprite (Script) depends on it

Can't destroy Transform component of 'Clash Tink'. If you want to destroy the game object, please call 'Destroy' on the game object instead. Destroying the transform component is not allowed.

Can't remove MeshFilter because tk2dSprite (Script) depends on it

Can't remove MeshRenderer because tk2dSprite (Script) depends on it

Can't destroy Transform component of 'Clash Tink'. If you want to destroy the game object, please call 'Destroy' on the game object instead. Destroying the transform component is not allowed.

AddEventHandlerComponent: PlayMakerFixedUpdate

Can't remove MeshFilter because tk2dSprite (Script) depends on it

Can't remove MeshRenderer because tk2dSprite (Script) depends on it

Can't destroy Transform component of 'Clash Tink'. If you want to destroy the game object, please call 'Destroy' on the game object instead. Destroying the transform component is not allowed.

Object Pool attached to GlobalPool has run out of Fireball Top prefabs, Instantiating an additional one.

AddEventHandlerComponent: PlayMakerFixedUpdate

Can't remove MeshFilter because tk2dSprite (Script) depends on it

Can't remove MeshRenderer because tk2dSprite (Script) depends on it

Can't destroy Transform component of 'Clash Tink'. If you want to destroy the game object, please call 'Destroy' on the game object instead. Destroying the transform component is not allowed.

Can't remove MeshFilter because tk2dSprite (Script) depends on it

Can't remove MeshRenderer because tk2dSprite (Script) depends on it

Can't destroy Transform component of 'Clash Tink'. If you want to destroy the game object, please call 'Destroy' on the game object instead. Destroying the transform component is not allowed.

Can't remove MeshFilter because tk2dSprite (Script) depends on it

Can't remove MeshRenderer because tk2dSprite (Script) depends on it

Can't destroy Transform component of 'Clash Tink'. If you want to destroy the game object, please call 'Destroy' on the game object instead. Destroying the transform component is not allowed.

Object Pool attached to GlobalPool has run out of Fireball Top prefabs, Instantiating an additional one.

AddEventHandlerComponent: PlayMakerFixedUpdate

Can't remove MeshFilter because tk2dSprite (Script) depends on it

Can't remove MeshRenderer because tk2dSprite (Script) depends on it

Can't destroy Transform component of 'Clash Tink'. If you want to destroy the game object, please call 'Destroy' on the game object instead. Destroying the transform component is not allowed.

Can't remove MeshFilter because tk2dSprite (Script) depends on it

Can't remove MeshRenderer because tk2dSprite (Script) depends on it

Can't destroy Transform component of 'Clash Tink'. If you want to destroy the game object, please call 'Destroy' on the game object instead. Destroying the transform component is not allowed.

Can't remove MeshFilter because tk2dSprite (Script) depends on it

Can't remove MeshRenderer because tk2dSprite (Script) depends on it

Can't destroy Transform component of 'Clash Tink'. If you want to destroy the game object, please call 'Destroy' on the game object instead. Destroying the transform component is not allowed.

Can't remove MeshFilter because tk2dSprite (Script) depends on it

Can't remove MeshRenderer because tk2dSprite (Script) depends on it

Can't destroy Transform component of 'Clash Tink'. If you want to destroy the game object, please call 'Destroy' on the game object instead. Destroying the transform component is not allowed.

Can't remove MeshFilter because tk2dSprite (Script) depends on it

Can't remove MeshRenderer because tk2dSprite (Script) depends on it

Can't destroy Transform component of 'Clash Tink'. If you want to destroy the game object, please call 'Destroy' on the game object instead. Destroying the transform component is not allowed.

Can't remove MeshFilter because tk2dSprite (Script) depends on it

Can't remove MeshRenderer because tk2dSprite (Script) depends on it

Can't destroy Transform component of 'Clash Tink'. If you want to destroy the game object, please call 'Destroy' on the game object instead. Destroying the transform component is not allowed.

Can't remove MeshFilter because tk2dSprite (Script) depends on it

Can't remove MeshRenderer because tk2dSprite (Script) depends on it

Can't destroy Transform component of 'Clash Tink'. If you want to destroy the game object, please call 'Destroy' on the game object instead. Destroying the transform component is not allowed.

Can't remove MeshFilter because tk2dSprite (Script) depends on it

Can't remove MeshRenderer because tk2dSprite (Script) depends on it

Can't destroy Transform component of 'Clash Tink'. If you want to destroy the game object, please call 'Destroy' on the game object instead. Destroying the transform component is not allowed.

Can't remove MeshFilter because tk2dSprite (Script) depends on it

Can't remove MeshRenderer because tk2dSprite (Script) depends on it

Can't destroy Transform component of 'Clash Tink'. If you want to destroy the game object, please call 'Destroy' on the game object instead. Destroying the transform component is not allowed.

Can't remove MeshFilter because tk2dSprite (Script) depends on it

Can't remove MeshRenderer because tk2dSprite (Script) depends on it

Can't destroy Transform component of 'Clash Tink'. If you want to destroy the game object, please call 'Destroy' on the game object instead. Destroying the transform component is not allowed.

Can't remove MeshFilter because tk2dSprite (Script) depends on it

Can't remove MeshRenderer because tk2dSprite (Script) depends on it

Can't destroy Transform component of 'Clash Tink'. If you want to destroy the game object, please call 'Destroy' on the game object instead. Destroying the transform component is not allowed.

Can't remove MeshFilter because tk2dSprite (Script) depends on it

Can't remove MeshRenderer because tk2dSprite (Script) depends on it

Can't destroy Transform component of 'Clash Tink'. If you want to destroy the game object, please call 'Destroy' on the game object instead. Destroying the transform component is not allowed.

Unable to get achievement CHARMED, because GOG is not authenticated.

Unable to push achievement CHARMED, because GOG is not authenticated.

Can't remove MeshFilter because tk2dSprite (Script) depends on it

Can't remove MeshRenderer because tk2dSprite (Script) depends on it

Can't destroy Transform component of 'Clash Tink'. If you want to destroy the game object, please call 'Destroy' on the game object instead. Destroying the transform component is not allowed.

Can't remove MeshFilter because tk2dSprite (Script) depends on it

Can't remove MeshRenderer because tk2dSprite (Script) depends on it

Can't destroy Transform component of 'Clash Tink'. If you want to destroy the game object, please call 'Destroy' on the game object instead. Destroying the transform component is not allowed.

Can't remove MeshFilter because tk2dSprite (Script) depends on it

Can't remove MeshRenderer because tk2dSprite (Script) depends on it

Can't destroy Transform component of 'Clash Tink'. If you want to destroy the game object, please call 'Destroy' on the game object instead. Destroying the transform component is not allowed.

Can't remove MeshFilter because tk2dSprite (Script) depends on it

Can't remove MeshRenderer because tk2dSprite (Script) depends on it

Can't destroy Transform component of 'Clash Tink'. If you want to destroy the game object, please call 'Destroy' on the game object instead. Destroying the transform component is not allowed.

Can't remove MeshFilter because tk2dSprite (Script) depends on it

Can't remove MeshRenderer because tk2dSprite (Script) depends on it

Can't destroy Transform component of 'Clash Tink'. If you want to destroy the game object, please call 'Destroy' on the game object instead. Destroying the transform component is not allowed.

Can't remove MeshFilter because tk2dSprite (Script) depends on it

Can't remove MeshRenderer because tk2dSprite (Script) depends on it

Can't destroy Transform component of 'Clash Tink'. If you want to destroy the game object, please call 'Destroy' on the game object instead. Destroying the transform component is not allowed.

Can't remove MeshFilter because tk2dSprite (Script) depends on it

Can't remove MeshRenderer because tk2dSprite (Script) depends on it

Can't destroy Transform component of 'Clash Tink'. If you want to destroy the game object, please call 'Destroy' on the game object instead. Destroying the transform component is not allowed.

Can't remove MeshFilter because tk2dSprite (Script) depends on it

Can't remove MeshRenderer because tk2dSprite (Script) depends on it

Can't destroy Transform component of 'Clash Tink'. If you want to destroy the game object, please call 'Destroy' on the game object instead. Destroying the transform component is not allowed.

Can't remove MeshFilter because tk2dSprite (Script) depends on it

Can't remove MeshRenderer because tk2dSprite (Script) depends on it

Can't destroy Transform component of 'Clash Tink'. If you want to destroy the game object, please call 'Destroy' on the game object instead. Destroying the transform component is not allowed.

Can't remove MeshFilter because tk2dSprite (Script) depends on it

Can't remove MeshRenderer because tk2dSprite (Script) depends on it

Can't destroy Transform component of 'Clash Tink'. If you want to destroy the game object, please call 'Destroy' on the game object instead. Destroying the transform component is not allowed.

Can't remove MeshFilter because tk2dSprite (Script) depends on it

Can't remove MeshRenderer because tk2dSprite (Script) depends on it

Can't destroy Transform component of 'Clash Tink'. If you want to destroy the game object, please call 'Destroy' on the game object instead. Destroying the transform component is not allowed.

Can't remove MeshFilter because tk2dSprite (Script) depends on it

Can't remove MeshRenderer because tk2dSprite (Script) depends on it

Can't destroy Transform component of 'Clash Tink'. If you want to destroy the game object, please call 'Destroy' on the game object instead. Destroying the transform component is not allowed.

Persistent Bool Item - Couldn't reset value on FSM because it's missing.

Unable to get achievement CHARMED, because GOG is not authenticated.

Unable to push achievement CHARMED, because GOG is not authenticated.

Deferring level start (marked as manual).

Can't remove MeshFilter because tk2dSprite (Script) depends on it

Can't remove MeshRenderer because tk2dSprite (Script) depends on it

Can't destroy Transform component of 'Clash Tink'. If you want to destroy the game object, please call 'Destroy' on the game object instead. Destroying the transform component is not allowed.

Can't remove MeshFilter because tk2dSprite (Script) depends on it

Can't remove MeshRenderer because tk2dSprite (Script) depends on it

Can't destroy Transform component of 'Clash Tink'. If you want to destroy the game object, please call 'Destroy' on the game object instead. Destroying the transform component is not allowed.

Can't remove MeshFilter because tk2dSprite (Script) depends on it

Can't remove MeshRenderer because tk2dSprite (Script) depends on it

Can't destroy Transform component of 'Clash Tink'. If you want to destroy the game object, please call 'Destroy' on the game object instead. Destroying the transform component is not allowed.

AddEventHandlerComponent: PlayMakerFixedUpdate

AddEventHandlerComponent: PlayMakerFixedUpdate

Deferring level start (marked as manual).

AddEventHandlerComponent: PlayMakerFixedUpdate

AddEventHandlerComponent: PlayMakerCollisionStay

AddEventHandlerComponent: PlayMakerCollisionEnter2D

AddEventHandlerComponent: PlayMakerCollisionStay2D

AddEventHandlerComponent: PlayMakerFixedUpdate

AddEventHandlerComponent: PlayMakerCollisionStay

AddEventHandlerComponent: PlayMakerCollisionEnter2D

AddEventHandlerComponent: PlayMakerCollisionStay2D

AddEventHandlerComponent: PlayMakerFixedUpdate

AddEventHandlerComponent: PlayMakerCollisionStay

AddEventHandlerComponent: PlayMakerCollisionEnter2D

AddEventHandlerComponent: PlayMakerCollisionStay2D

AddEventHandlerComponent: PlayMakerFixedUpdate

AddEventHandlerComponent: PlayMakerCollisionStay

AddEventHandlerComponent: PlayMakerCollisionEnter2D

AddEventHandlerComponent: PlayMakerCollisionStay2D

AddEventHandlerComponent: PlayMakerFixedUpdate

AddEventHandlerComponent: PlayMakerCollisionStay

AddEventHandlerComponent: PlayMakerCollisionEnter2D

AddEventHandlerComponent: PlayMakerCollisionStay2D

AddEventHandlerComponent: PlayMakerFixedUpdate

AddEventHandlerComponent: PlayMakerCollisionStay

AddEventHandlerComponent: PlayMakerCollisionEnter2D

AddEventHandlerComponent: PlayMakerCollisionStay2D

AddEventHandlerComponent: PlayMakerFixedUpdate

AddEventHandlerComponent: PlayMakerCollisionStay

AddEventHandlerComponent: PlayMakerCollisionEnter2D

AddEventHandlerComponent: PlayMakerCollisionStay2D

AddEventHandlerComponent: PlayMakerFixedUpdate

AddEventHandlerComponent: PlayMakerCollisionStay

AddEventHandlerComponent: PlayMakerCollisionEnter2D

AddEventHandlerComponent: PlayMakerCollisionStay2D

AddEventHandlerComponent: PlayMakerFixedUpdate

AddEventHandlerComponent: PlayMakerCollisionStay

AddEventHandlerComponent: PlayMakerCollisionEnter2D

AddEventHandlerComponent: PlayMakerCollisionStay2D

AddEventHandlerComponent: PlayMakerFixedUpdate

Deferring level start (marked as manual).

Can't remove MeshFilter because tk2dSprite (Script) depends on it

Can't remove MeshRenderer because tk2dSprite (Script) depends on it

Can't destroy Transform component of 'Clash Tink'. If you want to destroy the game object, please call 'Destroy' on the game object instead. Destroying the transform component is not allowed.

Can't remove MeshFilter because tk2dSprite (Script) depends on it

Can't remove MeshRenderer because tk2dSprite (Script) depends on it

Can't destroy Transform component of 'Clash Tink'. If you want to destroy the game object, please call 'Destroy' on the game object instead. Destroying the transform component is not allowed.

Can't remove MeshFilter because tk2dSprite (Script) depends on it

Can't remove MeshRenderer because tk2dSprite (Script) depends on it

Can't destroy Transform component of 'Clash Tink'. If you want to destroy the game object, please call 'Destroy' on the game object instead. Destroying the transform component is not allowed.

Can't remove MeshFilter because tk2dSprite (Script) depends on it

Can't remove MeshRenderer because tk2dSprite (Script) depends on it

Can't destroy Transform component of 'Clash Tink'. If you want to destroy the game object, please call 'Destroy' on the game object instead. Destroying the transform component is not allowed.

Can't remove MeshFilter because tk2dSprite (Script) depends on it

Can't remove MeshRenderer because tk2dSprite (Script) depends on it

Can't destroy Transform component of 'Clash Tink'. If you want to destroy the game object, please call 'Destroy' on the game object instead. Destroying the transform component is not allowed.

Can't remove MeshFilter because tk2dSprite (Script) depends on it

Can't remove MeshRenderer because tk2dSprite (Script) depends on it

Can't destroy Transform component of 'Clash Tink'. If you want to destroy the game object, please call 'Destroy' on the game object instead. Destroying the transform component is not allowed.

Can't remove MeshFilter because tk2dSprite (Script) depends on it

Can't remove MeshRenderer because tk2dSprite (Script) depends on it

Can't destroy Transform component of 'Clash Tink'. If you want to destroy the game object, please call 'Destroy' on the game object instead. Destroying the transform component is not allowed.

Can't remove MeshFilter because tk2dSprite (Script) depends on it

Can't remove MeshRenderer because tk2dSprite (Script) depends on it

Can't destroy Transform component of 'Clash Tink'. If you want to destroy the game object, please call 'Destroy' on the game object instead. Destroying the transform component is not allowed.

Can't remove MeshFilter because tk2dSprite (Script) depends on it

Can't remove MeshRenderer because tk2dSprite (Script) depends on it

Can't destroy Transform component of 'Clash Tink'. If you want to destroy the game object, please call 'Destroy' on the game object instead. Destroying the transform component is not allowed.

Can't remove MeshFilter because tk2dSprite (Script) depends on it

Can't remove MeshRenderer because tk2dSprite (Script) depends on it

Can't destroy Transform component of 'Clash Tink'. If you want to destroy the game object, please call 'Destroy' on the game object instead. Destroying the transform component is not allowed.

Can't remove MeshFilter because tk2dSprite (Script) depends on it

Can't remove MeshRenderer because tk2dSprite (Script) depends on it

Can't destroy Transform component of 'Clash Tink'. If you want to destroy the game object, please call 'Destroy' on the game object instead. Destroying the transform component is not allowed.

Can't remove MeshFilter because tk2dSprite (Script) depends on it

Can't remove MeshRenderer because tk2dSprite (Script) depends on it

Can't destroy Transform component of 'Clash Tink'. If you want to destroy the game object, please call 'Destroy' on the game object instead. Destroying the transform component is not allowed.

Can't remove MeshFilter because tk2dSprite (Script) depends on it

Can't remove MeshRenderer because tk2dSprite (Script) depends on it

Can't destroy Transform component of 'Clash Tink'. If you want to destroy the game object, please call 'Destroy' on the game object instead. Destroying the transform component is not allowed.

Can't remove MeshFilter because tk2dSprite (Script) depends on it

Can't remove MeshRenderer because tk2dSprite (Script) depends on it

Can't destroy Transform component of 'Clash Tink'. If you want to destroy the game object, please call 'Destroy' on the game object instead. Destroying the transform component is not allowed.

Can't remove MeshFilter because tk2dSprite (Script) depends on it

Can't remove MeshRenderer because tk2dSprite (Script) depends on it

Can't destroy Transform component of 'Clash Tink'. If you want to destroy the game object, please call 'Destroy' on the game object instead. Destroying the transform component is not allowed.

Can't remove MeshFilter because tk2dSprite (Script) depends on it

Can't remove MeshRenderer because tk2dSprite (Script) depends on it

Can't destroy Transform component of 'Clash Tink'. If you want to destroy the game object, please call 'Destroy' on the game object instead. Destroying the transform component is not allowed.

Can't remove MeshFilter because tk2dSprite (Script) depends on it

Can't remove MeshRenderer because tk2dSprite (Script) depends on it

Can't destroy Transform component of 'Clash Tink'. If you want to destroy the game object, please call 'Destroy' on the game object instead. Destroying the transform component is not allowed.

Can't remove MeshFilter because tk2dSprite (Script) depends on it

Can't remove MeshRenderer because tk2dSprite (Script) depends on it

Can't destroy Transform component of 'Clash Tink'. If you want to destroy the game object, please call 'Destroy' on the game object instead. Destroying the transform component is not allowed.

Can't remove MeshFilter because tk2dSprite (Script) depends on it

Can't remove MeshRenderer because tk2dSprite (Script) depends on it

Can't destroy Transform component of 'Clash Tink'. If you want to destroy the game object, please call 'Destroy' on the game object instead. Destroying the transform component is not allowed.

Can't remove MeshFilter because tk2dSprite (Script) depends on it

Can't remove MeshRenderer because tk2dSprite (Script) depends on it

Can't destroy Transform component of 'Clash Tink'. If you want to destroy the game object, please call 'Destroy' on the game object instead. Destroying the transform component is not allowed.

Can't remove MeshFilter because tk2dSprite (Script) depends on it

Can't remove MeshRenderer because tk2dSprite (Script) depends on it

Can't destroy Transform component of 'Clash Tink'. If you want to destroy the game object, please call 'Destroy' on the game object instead. Destroying the transform component is not allowed.

Can't remove MeshFilter because tk2dSprite (Script) depends on it

Can't remove MeshRenderer because tk2dSprite (Script) depends on it

Can't destroy Transform component of 'Clash Tink'. If you want to destroy the game object, please call 'Destroy' on the game object instead. Destroying the transform component is not allowed.

Can't remove MeshFilter because tk2dSprite (Script) depends on it

Can't remove MeshRenderer because tk2dSprite (Script) depends on it

Can't destroy Transform component of 'Clash Tink'. If you want to destroy the game object, please call 'Destroy' on the game object instead. Destroying the transform component is not allowed.

Can't remove MeshFilter because tk2dSprite (Script) depends on it

Can't remove MeshRenderer because tk2dSprite (Script) depends on it

Can't destroy Transform component of 'Clash Tink'. If you want to destroy the game object, please call 'Destroy' on the game object instead. Destroying the transform component is not allowed.

Can't remove MeshFilter because tk2dSprite (Script) depends on it

Can't remove MeshRenderer because tk2dSprite (Script) depends on it

Can't destroy Transform component of 'Clash Tink'. If you want to destroy the game object, please call 'Destroy' on the game object instead. Destroying the transform component is not allowed.

Can't remove MeshFilter because tk2dSprite (Script) depends on it

Can't remove MeshRenderer because tk2dSprite (Script) depends on it

Can't destroy Transform component of 'Clash Tink'. If you want to destroy the game object, please call 'Destroy' on the game object instead. Destroying the transform component is not allowed.

Can't remove MeshFilter because tk2dSprite (Script) depends on it

Can't remove MeshRenderer because tk2dSprite (Script) depends on it

Can't destroy Transform component of 'Clash Tink'. If you want to destroy the game object, please call 'Destroy' on the game object instead. Destroying the transform component is not allowed.

Can't remove MeshFilter because tk2dSprite (Script) depends on it

Can't remove MeshRenderer because tk2dSprite (Script) depends on it

Can't destroy Transform component of 'Clash Tink'. If you want to destroy the game object, please call 'Destroy' on the game object instead. Destroying the transform component is not allowed.

Can't remove MeshFilter because tk2dSprite (Script) depends on it

Can't remove MeshRenderer because tk2dSprite (Script) depends on it

Can't destroy Transform component of 'Clash Tink'. If you want to destroy the game object, please call 'Destroy' on the game object instead. Destroying the transform component is not allowed.

Can't remove MeshFilter because tk2dSprite (Script) depends on it

Can't remove MeshRenderer because tk2dSprite (Script) depends on it

Can't destroy Transform component of 'Clash Tink'. If you want to destroy the game object, please call 'Destroy' on the game object instead. Destroying the transform component is not allowed.

Can't remove MeshFilter because tk2dSprite (Script) depends on it

Can't remove MeshRenderer because tk2dSprite (Script) depends on it

Can't destroy Transform component of 'Clash Tink'. If you want to destroy the game object, please call 'Destroy' on the game object instead. Destroying the transform component is not allowed.

Can't remove MeshFilter because tk2dSprite (Script) depends on it

Can't remove MeshRenderer because tk2dSprite (Script) depends on it

Can't destroy Transform component of 'Clash Tink'. If you want to destroy the game object, please call 'Destroy' on the game object instead. Destroying the transform component is not allowed.

Can't remove MeshFilter because tk2dSprite (Script) depends on it

Can't remove MeshRenderer because tk2dSprite (Script) depends on it

Can't destroy Transform component of 'Clash Tink'. If you want to destroy the game object, please call 'Destroy' on the game object instead. Destroying the transform component is not allowed.

Can't remove MeshFilter because tk2dSprite (Script) depends on it

Can't remove MeshRenderer because tk2dSprite (Script) depends on it

Can't destroy Transform component of 'Clash Tink'. If you want to destroy the game object, please call 'Destroy' on the game object instead. Destroying the transform component is not allowed.

Can't remove MeshFilter because tk2dSprite (Script) depends on it

Can't remove MeshRenderer because tk2dSprite (Script) depends on it

Can't destroy Transform component of 'Clash Tink'. If you want to destroy the game object, please call 'Destroy' on the game object instead. Destroying the transform component is not allowed.

Can't remove MeshFilter because tk2dSprite (Script) depends on it

Can't remove MeshRenderer because tk2dSprite (Script) depends on it

Can't destroy Transform component of 'Clash Tink'. If you want to destroy the game object, please call 'Destroy' on the game object instead. Destroying the transform component is not allowed.

Can't remove MeshFilter because tk2dSprite (Script) depends on it

Can't remove MeshRenderer because tk2dSprite (Script) depends on it

Can't destroy Transform component of 'Clash Tink'. If you want to destroy the game object, please call 'Destroy' on the game object instead. Destroying the transform component is not allowed.

Can't remove MeshFilter because tk2dSprite (Script) depends on it

Can't remove MeshRenderer because tk2dSprite (Script) depends on it

Can't destroy Transform component of 'Clash Tink'. If you want to destroy the game object, please call 'Destroy' on the game object instead. Destroying the transform component is not allowed.

Can't remove MeshFilter because tk2dSprite (Script) depends on it

Can't remove MeshRenderer because tk2dSprite (Script) depends on it

Can't destroy Transform component of 'Clash Tink'. If you want to destroy the game object, please call 'Destroy' on the game object instead. Destroying the transform component is not allowed.

Can't remove MeshFilter because tk2dSprite (Script) depends on it

Can't remove MeshRenderer because tk2dSprite (Script) depends on it

Can't destroy Transform component of 'Clash Tink'. If you want to destroy the game object, please call 'Destroy' on the game object instead. Destroying the transform component is not allowed.

Can't remove MeshFilter because tk2dSprite (Script) depends on it

Can't remove MeshRenderer because tk2dSprite (Script) depends on it

Can't destroy Transform component of 'Clash Tink'. If you want to destroy the game object, please call 'Destroy' on the game object instead. Destroying the transform component is not allowed.

Can't remove MeshFilter because tk2dSprite (Script) depends on it

Can't remove MeshRenderer because tk2dSprite (Script) depends on it

Can't destroy Transform component of 'Clash Tink'. If you want to destroy the game object, please call 'Destroy' on the game object instead. Destroying the transform component is not allowed.

Can't remove MeshFilter because tk2dSprite (Script) depends on it

Can't remove MeshRenderer because tk2dSprite (Script) depends on it

Can't destroy Transform component of 'Clash Tink'. If you want to destroy the game object, please call 'Destroy' on the game object instead. Destroying the transform component is not allowed.

Can't remove MeshFilter because tk2dSprite (Script) depends on it

Can't remove MeshRenderer because tk2dSprite (Script) depends on it

Can't destroy Transform component of 'Clash Tink'. If you want to destroy the game object, please call 'Destroy' on the game object instead. Destroying the transform component is not allowed.

Can't remove MeshFilter because tk2dSprite (Script) depends on it

Can't remove MeshRenderer because tk2dSprite (Script) depends on it

Can't destroy Transform component of 'Clash Tink'. If you want to destroy the game object, please call 'Destroy' on the game object instead. Destroying the transform component is not allowed.

Can't remove MeshFilter because tk2dSprite (Script) depends on it

Can't remove MeshRenderer because tk2dSprite (Script) depends on it

Can't destroy Transform component of 'Clash Tink'. If you want to destroy the game object, please call 'Destroy' on the game object instead. Destroying the transform component is not allowed.

Can't remove MeshFilter because tk2dSprite (Script) depends on it

Can't remove MeshRenderer because tk2dSprite (Script) depends on it

Can't destroy Transform component of 'Clash Tink'. If you want to destroy the game object, please call 'Destroy' on the game object instead. Destroying the transform component is not allowed.

Can't remove MeshFilter because tk2dSprite (Script) depends on it

Can't remove MeshRenderer because tk2dSprite (Script) depends on it

Can't destroy Transform component of 'Clash Tink'. If you want to destroy the game object, please call 'Destroy' on the game object instead. Destroying the transform component is not allowed.

Can't remove MeshFilter because tk2dSprite (Script) depends on it

Can't remove MeshRenderer because tk2dSprite (Script) depends on it

Can't destroy Transform component of 'Clash Tink'. If you want to destroy the game object, please call 'Destroy' on the game object instead. Destroying the transform component is not allowed.

Can't remove MeshFilter because tk2dSprite (Script) depends on it

Can't remove MeshRenderer because tk2dSprite (Script) depends on it

Can't destroy Transform component of 'Clash Tink'. If you want to destroy the game object, please call 'Destroy' on the game object instead. Destroying the transform component is not allowed.

Can't remove MeshFilter because tk2dSprite (Script) depends on it

Can't remove MeshRenderer because tk2dSprite (Script) depends on it

Can't destroy Transform component of 'Clash Tink'. If you want to destroy the game object, please call 'Destroy' on the game object instead. Destroying the transform component is not allowed.

Can't remove MeshFilter because tk2dSprite (Script) depends on it

Can't remove MeshRenderer because tk2dSprite (Script) depends on it

Can't destroy Transform component of 'Clash Tink'. If you want to destroy the game object, please call 'Destroy' on the game object instead. Destroying the transform component is not allowed.

Can't remove MeshFilter because tk2dSprite (Script) depends on it

Can't remove MeshRenderer because tk2dSprite (Script) depends on it

Can't destroy Transform component of 'Clash Tink'. If you want to destroy the game object, please call 'Destroy' on the game object instead. Destroying the transform component is not allowed.

AddEventHandlerComponent: PlayMakerFixedUpdate

AddEventHandlerComponent: PlayMakerFixedUpdate

Deferring level start (marked as manual).

Using fallback 1 to find tilemap. Scene Crossroads_11_alt requires manual fixing.

AddEventHandlerComponent: PlayMakerFixedUpdate

get_actions: Fsm not initialized: Cast Right

get_actions: Fsm not initialized: Cast Right

get_actions: Fsm not initialized: Cast Right

get_actions: Fsm not initialized: Cast Right

get_actions: Fsm not initialized: Cast Right

get_actions: Fsm not initialized: Cast Right

AddEventHandlerComponent: PlayMakerFixedUpdate

get_actions: Fsm not initialized: Cast Right

get_actions: Fsm not initialized: Cast Right

get_actions: Fsm not initialized: Cast Right

get_actions: Fsm not initialized: Cast Right

get_actions: Fsm not initialized: Cast Right

get_actions: Fsm not initialized: Cast Right

AddEventHandlerComponent: PlayMakerFixedUpdate

get_actions: Fsm not initialized: Cast Right

get_actions: Fsm not initialized: Cast Right

get_actions: Fsm not initialized: Cast Right

get_actions: Fsm not initialized: Cast Right

get_actions: Fsm not initialized: Cast Right

get_actions: Fsm not initialized: Cast Right

AddEventHandlerComponent: PlayMakerFixedUpdate

Can't remove MeshFilter because tk2dSprite (Script) depends on it

Can't remove MeshRenderer because tk2dSprite (Script) depends on it

Can't destroy Transform component of 'Clash Tink'. If you want to destroy the game object, please call 'Destroy' on the game object instead. Destroying the transform component is not allowed.

Can't remove MeshFilter because tk2dSprite (Script) depends on it

Can't remove MeshRenderer because tk2dSprite (Script) depends on it

Can't destroy Transform component of 'Clash Tink'. If you want to destroy the game object, please call 'Destroy' on the game object instead. Destroying the transform component is not allowed.

Can't remove MeshFilter because tk2dSprite (Script) depends on it

Can't remove MeshRenderer because tk2dSprite (Script) depends on it

Can't destroy Transform component of 'Clash Tink'. If you want to destroy the game object, please call 'Destroy' on the game object instead. Destroying the transform component is not allowed.

Can't remove MeshFilter because tk2dSprite (Script) depends on it

Can't remove MeshRenderer because tk2dSprite (Script) depends on it

Can't destroy Transform component of 'Clash Tink'. If you want to destroy the game object, please call 'Destroy' on the game object instead. Destroying the transform component is not allowed.

Can't remove MeshFilter because tk2dSprite (Script) depends on it

Can't remove MeshRenderer because tk2dSprite (Script) depends on it

Can't destroy Transform component of 'Clash Tink'. If you want to destroy the game object, please call 'Destroy' on the game object instead. Destroying the transform component is not allowed.

Can't remove MeshFilter because tk2dSprite (Script) depends on it

Can't remove MeshRenderer because tk2dSprite (Script) depends on it

Can't destroy Transform component of 'Clash Tink'. If you want to destroy the game object, please call 'Destroy' on the game object instead. Destroying the transform component is not allowed.

Can't remove MeshFilter because tk2dSprite (Script) depends on it

Can't remove MeshRenderer because tk2dSprite (Script) depends on it

Can't destroy Transform component of 'Clash Tink'. If you want to destroy the game object, please call 'Destroy' on the game object instead. Destroying the transform component is not allowed.

Can't remove MeshFilter because tk2dSprite (Script) depends on it

Can't remove MeshRenderer because tk2dSprite (Script) depends on it

Can't destroy Transform component of 'Clash Tink'. If you want to destroy the game object, please call 'Destroy' on the game object instead. Destroying the transform component is not allowed.

Can't remove MeshFilter because tk2dSprite (Script) depends on it

Can't remove MeshRenderer because tk2dSprite (Script) depends on it

Can't destroy Transform component of 'Clash Tink'. If you want to destroy the game object, please call 'Destroy' on the game object instead. Destroying the transform component is not allowed.

Can't remove MeshFilter because tk2dSprite (Script) depends on it

Can't remove MeshRenderer because tk2dSprite (Script) depends on it

Can't destroy Transform component of 'Clash Tink'. If you want to destroy the game object, please call 'Destroy' on the game object instead. Destroying the transform component is not allowed.

AddEventHandlerComponent: PlayMakerFixedUpdate

Can't remove MeshFilter because tk2dSprite (Script) depends on it

Can't remove MeshRenderer because tk2dSprite (Script) depends on it

Can't destroy Transform component of 'Clash Tink'. If you want to destroy the game object, please call 'Destroy' on the game object instead. Destroying the transform component is not allowed.

get_actions: Fsm not initialized: Cast Right

get_actions: Fsm not initialized: Cast Right

get_actions: Fsm not initialized: Cast Right

get_actions: Fsm not initialized: Cast Right

get_actions: Fsm not initialized: Cast Right

get_actions: Fsm not initialized: Cast Right

AddEventHandlerComponent: PlayMakerFixedUpdate

Object Pool attached to GlobalPool could not find a copy of Plat Grass, Instantiating a new one.

AddEventHandlerComponent: PlayMakerFixedUpdate

Can't remove MeshFilter because tk2dSprite (Script) depends on it

Can't remove MeshRenderer because tk2dSprite (Script) depends on it

Can't destroy Transform component of 'Clash Tink'. If you want to destroy the game object, please call 'Destroy' on the game object instead. Destroying the transform component is not allowed.

Can't remove MeshFilter because tk2dSprite (Script) depends on it

Can't remove MeshRenderer because tk2dSprite (Script) depends on it

Can't destroy Transform component of 'Clash Tink'. If you want to destroy the game object, please call 'Destroy' on the game object instead. Destroying the transform component is not allowed.

AddEventHandlerComponent: PlayMakerFixedUpdate

AddEventHandlerComponent: PlayMakerFixedUpdate

AddEventHandlerComponent: PlayMakerFixedUpdate

AddEventHandlerComponent: PlayMakerFixedUpdate

AddEventHandlerComponent: PlayMakerFixedUpdate

AddEventHandlerComponent: PlayMakerFixedUpdate

AddEventHandlerComponent: PlayMakerFixedUpdate

AddEventHandlerComponent: PlayMakerFixedUpdate

AddEventHandlerComponent: PlayMakerFixedUpdate

AddEventHandlerComponent: PlayMakerFixedUpdate

AddEventHandlerComponent: PlayMakerFixedUpdate

AddEventHandlerComponent: PlayMakerFixedUpdate

AddEventHandlerComponent: PlayMakerFixedUpdate

AddEventHandlerComponent: PlayMakerFixedUpdate

AddEventHandlerComponent: PlayMakerFixedUpdate

Deferring level start (marked as manual).

Object Pool attached to GlobalPool has run out of Audio Player NoDestroy prefabs, Instantiating an additional one.

Persistent Bool Item - Couldn't reset value on FSM because it's missing.

Persistent Bool Item - Couldn't reset value on FSM because it's missing.

Persistent Bool Item - Couldn't reset value on FSM because it's missing.

Persistent Bool Item - Couldn't reset value on FSM because it's missing.

AddEventHandlerComponent: PlayMakerCollisionEnter2D

AddEventHandlerComponent: PlayMakerFixedUpdate

AddEventHandlerComponent: PlayMakerFixedUpdate

AddEventHandlerComponent: PlayMakerFixedUpdate

AddEventHandlerComponent: PlayMakerFixedUpdate

AddEventHandlerComponent: PlayMakerFixedUpdate

AddEventHandlerComponent: PlayMakerFixedUpdate

AddEventHandlerComponent: PlayMakerFixedUpdate

AddEventHandlerComponent: PlayMakerFixedUpdate

AddEventHandlerComponent: PlayMakerFixedUpdate

AddEventHandlerComponent: PlayMakerFixedUpdate

AddEventHandlerComponent: PlayMakerFixedUpdate

AddEventHandlerComponent: PlayMakerFixedUpdate

AddEventHandlerComponent: PlayMakerFixedUpdate

AddEventHandlerComponent: PlayMakerFixedUpdate

AddEventHandlerComponent: PlayMakerFixedUpdate

AddEventHandlerComponent: PlayMakerFixedUpdate

AddEventHandlerComponent: PlayMakerFixedUpdate

AddEventHandlerComponent: PlayMakerFixedUpdate

AddEventHandlerComponent: PlayMakerFixedUpdate

AddEventHandlerComponent: PlayMakerFixedUpdate

AddEventHandlerComponent: PlayMakerFixedUpdate

AddEventHandlerComponent: PlayMakerFixedUpdate

AddEventHandlerComponent: PlayMakerFixedUpdate

AddEventHandlerComponent: PlayMakerFixedUpdate

AddEventHandlerComponent: PlayMakerFixedUpdate

AddEventHandlerComponent: PlayMakerFixedUpdate

Deferring level start (marked as manual).

Unloading 36 Unused Serialized files (Serialized files now loaded: 4)

Unloading 2784 unused Assets to reduce memory usage. Loaded Objects now: 80205.
Total: 540.541200 ms (FindLiveObjects: 8.863000 ms CreateObjectMapping: 3.834000 ms MarkObjects: 515.272800 ms  DeleteObjects: 12.570600 ms)

NullReferenceException: Object reference not set to an instance of an object
  at Hkmp.Game.Client.MapManager.TryGetMapLocation (UnityEngine.Vector3& mapLocation) [0x000f8] in /home/runner/work/HKMP/HKMP/HKMP/Game/Client/MapManager.cs:187 
  at Hkmp.Game.Client.MapManager.HeroControllerOnUpdate (On.HeroController+orig_Update orig, HeroController self) [0x00015] in /home/runner/work/HKMP/HKMP/HKMP/Game/Client/MapManager.cs:82 
  at (wrapper dynamic-method) MonoMod.Utils.DynamicMethodDefinition.Hook<HeroController::Update>?-927227008(HeroController)
  at (wrapper dynamic-method) MonoMod.Utils.DynamicMethodDefinition.Trampoline<HeroController::Update>?-1993203712(HeroController)
  at Hkmp.Game.Client.ClientManager.OnPlayerUpdate (On.HeroController+orig_Update orig, HeroController self) [0x00000] in /home/runner/work/HKMP/HKMP/HKMP/Game/Client/ClientManager.cs:918 
  at (wrapper dynamic-method) MonoMod.Utils.DynamicMethodDefinition.Hook<HeroController::Update>?554030720(HeroController)

(Filename: /home/runner/work/HKMP/HKMP/HKMP/Game/Client/MapManager.cs Line: 187)

Unable to get achievement CHARMED, because GOG is not authenticated.

Unable to push achievement CHARMED, because GOG is not authenticated.

Persistent Bool Item - Couldn't reset value on FSM because it's missing.

Persistent Bool Item - Couldn't reset value on FSM because it's missing.

Deferring level start (marked as manual).

AddEventHandlerComponent: PlayMakerFixedUpdate

AddEventHandlerComponent: PlayMakerFixedUpdate

Deferring level start (marked as manual).

AddEventHandlerComponent: PlayMakerFixedUpdate

AddEventHandlerComponent: PlayMakerCollisionStay

AddEventHandlerComponent: PlayMakerCollisionEnter2D

AddEventHandlerComponent: PlayMakerCollisionStay2D

AddEventHandlerComponent: PlayMakerFixedUpdate

AddEventHandlerComponent: PlayMakerCollisionStay

AddEventHandlerComponent: PlayMakerCollisionEnter2D

AddEventHandlerComponent: PlayMakerCollisionStay2D

AddEventHandlerComponent: PlayMakerFixedUpdate

AddEventHandlerComponent: PlayMakerCollisionStay

AddEventHandlerComponent: PlayMakerCollisionEnter2D

AddEventHandlerComponent: PlayMakerCollisionStay2D

AddEventHandlerComponent: PlayMakerFixedUpdate

AddEventHandlerComponent: PlayMakerCollisionStay

AddEventHandlerComponent: PlayMakerCollisionEnter2D

AddEventHandlerComponent: PlayMakerCollisionStay2D

AddEventHandlerComponent: PlayMakerFixedUpdate

AddEventHandlerComponent: PlayMakerCollisionStay

AddEventHandlerComponent: PlayMakerCollisionEnter2D

AddEventHandlerComponent: PlayMakerCollisionStay2D

AddEventHandlerComponent: PlayMakerFixedUpdate

AddEventHandlerComponent: PlayMakerCollisionStay

AddEventHandlerComponent: PlayMakerCollisionEnter2D

AddEventHandlerComponent: PlayMakerCollisionStay2D

AddEventHandlerComponent: PlayMakerFixedUpdate

AddEventHandlerComponent: PlayMakerCollisionStay

AddEventHandlerComponent: PlayMakerCollisionEnter2D

AddEventHandlerComponent: PlayMakerCollisionStay2D

AddEventHandlerComponent: PlayMakerFixedUpdate

AddEventHandlerComponent: PlayMakerCollisionStay

AddEventHandlerComponent: PlayMakerCollisionEnter2D

AddEventHandlerComponent: PlayMakerCollisionStay2D

AddEventHandlerComponent: PlayMakerFixedUpdate

AddEventHandlerComponent: PlayMakerCollisionStay

AddEventHandlerComponent: PlayMakerCollisionEnter2D

AddEventHandlerComponent: PlayMakerCollisionStay2D

AddEventHandlerComponent: PlayMakerFixedUpdate

Deferring level start (marked as manual).

AddEventHandlerComponent: PlayMakerFixedUpdate

AddEventHandlerComponent: PlayMakerFixedUpdate

Deferring level start (marked as manual).

Using fallback 1 to find tilemap. Scene Crossroads_11_alt requires manual fixing.

Object Pool attached to GlobalPool has run out of Plat Grass prefabs, Instantiating an additional one.

AddEventHandlerComponent: PlayMakerFixedUpdate

AddEventHandlerComponent: PlayMakerFixedUpdate

AddEventHandlerComponent: PlayMakerFixedUpdate

AddEventHandlerComponent: PlayMakerFixedUpdate

AddEventHandlerComponent: PlayMakerFixedUpdate

AddEventHandlerComponent: PlayMakerFixedUpdate

AddEventHandlerComponent: PlayMakerFixedUpdate

AddEventHandlerComponent: PlayMakerFixedUpdate

AddEventHandlerComponent: PlayMakerFixedUpdate

AddEventHandlerComponent: PlayMakerFixedUpdate

AddEventHandlerComponent: PlayMakerFixedUpdate

AddEventHandlerComponent: PlayMakerFixedUpdate

AddEventHandlerComponent: PlayMakerFixedUpdate

AddEventHandlerComponent: PlayMakerFixedUpdate

AddEventHandlerComponent: PlayMakerFixedUpdate

Deferring level start (marked as manual).

AddEventHandlerComponent: PlayMakerFixedUpdate

PlayOneShot was called with a null AudioClip.

Can't remove MeshFilter because tk2dSprite (Script) depends on it

Can't remove MeshRenderer because tk2dSprite (Script) depends on it

Can't destroy Transform component of 'Clash Tink'. If you want to destroy the game object, please call 'Destroy' on the game object instead. Destroying the transform component is not allowed.

Can't remove MeshFilter because tk2dSprite (Script) depends on it

Can't remove MeshRenderer because tk2dSprite (Script) depends on it

Can't destroy Transform component of 'Clash Tink'. If you want to destroy the game object, please call 'Destroy' on the game object instead. Destroying the transform component is not allowed.

Can't remove MeshFilter because tk2dSprite (Script) depends on it

Can't remove MeshRenderer because tk2dSprite (Script) depends on it

Can't destroy Transform component of 'Clash Tink'. If you want to destroy the game object, please call 'Destroy' on the game object instead. Destroying the transform component is not allowed.

Can't remove MeshFilter because tk2dSprite (Script) depends on it

Can't remove MeshRenderer because tk2dSprite (Script) depends on it

Can't destroy Transform component of 'Clash Tink'. If you want to destroy the game object, please call 'Destroy' on the game object instead. Destroying the transform component is not allowed.

Can't remove MeshFilter because tk2dSprite (Script) depends on it

Can't remove MeshRenderer because tk2dSprite (Script) depends on it

Can't destroy Transform component of 'Clash Tink'. If you want to destroy the game object, please call 'Destroy' on the game object instead. Destroying the transform component is not allowed.

Can't remove MeshFilter because tk2dSprite (Script) depends on it

Can't remove MeshRenderer because tk2dSprite (Script) depends on it

Can't destroy Transform component of 'Clash Tink'. If you want to destroy the game object, please call 'Destroy' on the game object instead. Destroying the transform component is not allowed.

Can't remove MeshFilter because tk2dSprite (Script) depends on it

Can't remove MeshRenderer because tk2dSprite (Script) depends on it

Can't destroy Transform component of 'Clash Tink'. If you want to destroy the game object, please call 'Destroy' on the game object instead. Destroying the transform component is not allowed.

Can't remove MeshFilter because tk2dSprite (Script) depends on it

Can't remove MeshRenderer because tk2dSprite (Script) depends on it

Can't destroy Transform component of 'Clash Tink'. If you want to destroy the game object, please call 'Destroy' on the game object instead. Destroying the transform component is not allowed.

Can't remove MeshFilter because tk2dSprite (Script) depends on it

Can't remove MeshRenderer because tk2dSprite (Script) depends on it

Can't destroy Transform component of 'Clash Tink'. If you want to destroy the game object, please call 'Destroy' on the game object instead. Destroying the transform component is not allowed.

Can't remove MeshFilter because tk2dSprite (Script) depends on it

Can't remove MeshRenderer because tk2dSprite (Script) depends on it

Can't destroy Transform component of 'Clash Tink'. If you want to destroy the game object, please call 'Destroy' on the game object instead. Destroying the transform component is not allowed.

Can't remove MeshFilter because tk2dSprite (Script) depends on it

Can't remove MeshRenderer because tk2dSprite (Script) depends on it

Can't destroy Transform component of 'Clash Tink'. If you want to destroy the game object, please call 'Destroy' on the game object instead. Destroying the transform component is not allowed.

Can't remove MeshFilter because tk2dSprite (Script) depends on it

Can't remove MeshRenderer because tk2dSprite (Script) depends on it

Can't destroy Transform component of 'Clash Tink'. If you want to destroy the game object, please call 'Destroy' on the game object instead. Destroying the transform component is not allowed.

Can't remove MeshFilter because tk2dSprite (Script) depends on it

Can't remove MeshRenderer because tk2dSprite (Script) depends on it

Can't destroy Transform component of 'Clash Tink'. If you want to destroy the game object, please call 'Destroy' on the game object instead. Destroying the transform component is not allowed.

Can't remove MeshFilter because tk2dSprite (Script) depends on it

Can't remove MeshRenderer because tk2dSprite (Script) depends on it

Can't destroy Transform component of 'Clash Tink'. If you want to destroy the game object, please call 'Destroy' on the game object instead. Destroying the transform component is not allowed.

Can't remove MeshFilter because tk2dSprite (Script) depends on it

Can't remove MeshRenderer because tk2dSprite (Script) depends on it

Can't destroy Transform component of 'Clash Tink'. If you want to destroy the game object, please call 'Destroy' on the game object instead. Destroying the transform component is not allowed.

Can't remove MeshFilter because tk2dSprite (Script) depends on it

Can't remove MeshRenderer because tk2dSprite (Script) depends on it

Can't destroy Transform component of 'Clash Tink'. If you want to destroy the game object, please call 'Destroy' on the game object instead. Destroying the transform component is not allowed.

Can't remove MeshFilter because tk2dSprite (Script) depends on it

Can't remove MeshRenderer because tk2dSprite (Script) depends on it

Can't destroy Transform component of 'Clash Tink'. If you want to destroy the game object, please call 'Destroy' on the game object instead. Destroying the transform component is not allowed.

Can't remove MeshFilter because tk2dSprite (Script) depends on it

Can't remove MeshRenderer because tk2dSprite (Script) depends on it

Can't destroy Transform component of 'Clash Tink'. If you want to destroy the game object, please call 'Destroy' on the game object instead. Destroying the transform component is not allowed.

Can't remove MeshFilter because tk2dSprite (Script) depends on it

Can't remove MeshRenderer because tk2dSprite (Script) depends on it

Can't destroy Transform component of 'Clash Tink'. If you want to destroy the game object, please call 'Destroy' on the game object instead. Destroying the transform component is not allowed.

Can't remove MeshFilter because tk2dSprite (Script) depends on it

Can't remove MeshRenderer because tk2dSprite (Script) depends on it

Can't destroy Transform component of 'Clash Tink'. If you want to destroy the game object, please call 'Destroy' on the game object instead. Destroying the transform component is not allowed.

Can't remove MeshFilter because tk2dSprite (Script) depends on it

Can't remove MeshRenderer because tk2dSprite (Script) depends on it

Can't destroy Transform component of 'Clash Tink'. If you want to destroy the game object, please call 'Destroy' on the game object instead. Destroying the transform component is not allowed.

Can't remove MeshFilter because tk2dSprite (Script) depends on it

Can't remove MeshRenderer because tk2dSprite (Script) depends on it

Can't destroy Transform component of 'Clash Tink'. If you want to destroy the game object, please call 'Destroy' on the game object instead. Destroying the transform component is not allowed.

Can't remove MeshFilter because tk2dSprite (Script) depends on it

Can't remove MeshRenderer because tk2dSprite (Script) depends on it

Can't destroy Transform component of 'Clash Tink'. If you want to destroy the game object, please call 'Destroy' on the game object instead. Destroying the transform component is not allowed.

Can't remove MeshFilter because tk2dSprite (Script) depends on it

Can't remove MeshRenderer because tk2dSprite (Script) depends on it

Can't destroy Transform component of 'Clash Tink'. If you want to destroy the game object, please call 'Destroy' on the game object instead. Destroying the transform component is not allowed.

Can't remove MeshFilter because tk2dSprite (Script) depends on it

Can't remove MeshRenderer because tk2dSprite (Script) depends on it

Can't destroy Transform component of 'Clash Tink'. If you want to destroy the game object, please call 'Destroy' on the game object instead. Destroying the transform component is not allowed.

Can't remove MeshFilter because tk2dSprite (Script) depends on it

Can't remove MeshRenderer because tk2dSprite (Script) depends on it

Can't destroy Transform component of 'Clash Tink'. If you want to destroy the game object, please call 'Destroy' on the game object instead. Destroying the transform component is not allowed.

Can't remove MeshFilter because tk2dSprite (Script) depends on it

Can't remove MeshRenderer because tk2dSprite (Script) depends on it

Can't destroy Transform component of 'Clash Tink'. If you want to destroy the game object, please call 'Destroy' on the game object instead. Destroying the transform component is not allowed.

Can't remove MeshFilter because tk2dSprite (Script) depends on it

Can't remove MeshRenderer because tk2dSprite (Script) depends on it

Can't destroy Transform component of 'Clash Tink'. If you want to destroy the game object, please call 'Destroy' on the game object instead. Destroying the transform component is not allowed.

Can't remove MeshFilter because tk2dSprite (Script) depends on it

Can't remove MeshRenderer because tk2dSprite (Script) depends on it

Can't destroy Transform component of 'Clash Tink'. If you want to destroy the game object, please call 'Destroy' on the game object instead. Destroying the transform component is not allowed.

Can't remove MeshFilter because tk2dSprite (Script) depends on it

Can't remove MeshRenderer because tk2dSprite (Script) depends on it

Can't destroy Transform component of 'Clash Tink'. If you want to destroy the game object, please call 'Destroy' on the game object instead. Destroying the transform component is not allowed.

Can't remove MeshFilter because tk2dSprite (Script) depends on it

Can't remove MeshRenderer because tk2dSprite (Script) depends on it

Can't destroy Transform component of 'Clash Tink'. If you want to destroy the game object, please call 'Destroy' on the game object instead. Destroying the transform component is not allowed.

Can't remove MeshFilter because tk2dSprite (Script) depends on it

Can't remove MeshRenderer because tk2dSprite (Script) depends on it

Can't destroy Transform component of 'Clash Tink'. If you want to destroy the game object, please call 'Destroy' on the game object instead. Destroying the transform component is not allowed.

Can't remove MeshFilter because tk2dSprite (Script) depends on it

Can't remove MeshRenderer because tk2dSprite (Script) depends on it

Can't destroy Transform component of 'Clash Tink'. If you want to destroy the game object, please call 'Destroy' on the game object instead. Destroying the transform component is not allowed.

Can't remove MeshFilter because tk2dSprite (Script) depends on it

Can't remove MeshRenderer because tk2dSprite (Script) depends on it

Can't destroy Transform component of 'Clash Tink'. If you want to destroy the game object, please call 'Destroy' on the game object instead. Destroying the transform component is not allowed.

Can't remove MeshFilter because tk2dSprite (Script) depends on it

Can't remove MeshRenderer because tk2dSprite (Script) depends on it

Can't destroy Transform component of 'Clash Tink'. If you want to destroy the game object, please call 'Destroy' on the game object instead. Destroying the transform component is not allowed.

Can't remove MeshFilter because tk2dSprite (Script) depends on it

Can't remove MeshRenderer because tk2dSprite (Script) depends on it

Can't destroy Transform component of 'Clash Tink'. If you want to destroy the game object, please call 'Destroy' on the game object instead. Destroying the transform component is not allowed.

Can't remove MeshFilter because tk2dSprite (Script) depends on it

Can't remove MeshRenderer because tk2dSprite (Script) depends on it

Can't destroy Transform component of 'Clash Tink'. If you want to destroy the game object, please call 'Destroy' on the game object instead. Destroying the transform component is not allowed.

Can't remove MeshFilter because tk2dSprite (Script) depends on it

Can't remove MeshRenderer because tk2dSprite (Script) depends on it

Can't destroy Transform component of 'Clash Tink'. If you want to destroy the game object, please call 'Destroy' on the game object instead. Destroying the transform component is not allowed.

Can't remove MeshFilter because tk2dSprite (Script) depends on it

Can't remove MeshRenderer because tk2dSprite (Script) depends on it

Can't destroy Transform component of 'Clash Tink'. If you want to destroy the game object, please call 'Destroy' on the game object instead. Destroying the transform component is not allowed.

Can't remove MeshFilter because tk2dSprite (Script) depends on it

Can't remove MeshRenderer because tk2dSprite (Script) depends on it

Can't destroy Transform component of 'Clash Tink'. If you want to destroy the game object, please call 'Destroy' on the game object instead. Destroying the transform component is not allowed.

AddEventHandlerComponent: PlayMakerFixedUpdate

AddEventHandlerComponent: PlayMakerFixedUpdate

AddEventHandlerComponent: PlayMakerFixedUpdate

AddEventHandlerComponent: PlayMakerFixedUpdate

AddEventHandlerComponent: PlayMakerFixedUpdate

AddEventHandlerComponent: PlayMakerFixedUpdate

AddEventHandlerComponent: PlayMakerFixedUpdate

AddEventHandlerComponent: PlayMakerFixedUpdate

AddEventHandlerComponent: PlayMakerFixedUpdate

AddEventHandlerComponent: PlayMakerFixedUpdate

AddEventHandlerComponent: PlayMakerFixedUpdate

AddEventHandlerComponent: PlayMakerFixedUpdate

Object Pool attached to GlobalPool has run out of Audio Player Actor prefabs, Instantiating an additional one.

Object Pool attached to GlobalPool has run out of Audio Player Actor prefabs, Instantiating an additional one.

Object Pool attached to GlobalPool has run out of Audio Player Actor prefabs, Instantiating an additional one.

Object Pool attached to GlobalPool has run out of Audio Player Actor prefabs, Instantiating an additional one.

Object Pool attached to GlobalPool has run out of Audio Player Actor prefabs, Instantiating an additional one.

Can't remove MeshFilter because tk2dSprite (Script) depends on it

Can't remove MeshRenderer because tk2dSprite (Script) depends on it

Can't destroy Transform component of 'Clash Tink'. If you want to destroy the game object, please call 'Destroy' on the game object instead. Destroying the transform component is not allowed.

Can't remove MeshFilter because tk2dSprite (Script) depends on it

Can't remove MeshRenderer because tk2dSprite (Script) depends on it

Can't destroy Transform component of 'Clash Tink'. If you want to destroy the game object, please call 'Destroy' on the game object instead. Destroying the transform component is not allowed.

Can't remove MeshFilter because tk2dSprite (Script) depends on it

Can't remove MeshRenderer because tk2dSprite (Script) depends on it

Can't destroy Transform component of 'Clash Tink'. If you want to destroy the game object, please call 'Destroy' on the game object instead. Destroying the transform component is not allowed.

Can't remove MeshFilter because tk2dSprite (Script) depends on it

Can't remove MeshRenderer because tk2dSprite (Script) depends on it

Can't destroy Transform component of 'Clash Tink'. If you want to destroy the game object, please call 'Destroy' on the game object instead. Destroying the transform component is not allowed.

Can't remove MeshFilter because tk2dSprite (Script) depends on it

Can't remove MeshRenderer because tk2dSprite (Script) depends on it

Can't destroy Transform component of 'Clash Tink'. If you want to destroy the game object, please call 'Destroy' on the game object instead. Destroying the transform component is not allowed.

Can't remove MeshFilter because tk2dSprite (Script) depends on it

Can't remove MeshRenderer because tk2dSprite (Script) depends on it

Can't destroy Transform component of 'Clash Tink'. If you want to destroy the game object, please call 'Destroy' on the game object instead. Destroying the transform component is not allowed.

Can't remove MeshFilter because tk2dSprite (Script) depends on it

Can't remove MeshRenderer because tk2dSprite (Script) depends on it

Can't destroy Transform component of 'Clash Tink'. If you want to destroy the game object, please call 'Destroy' on the game object instead. Destroying the transform component is not allowed.

Can't remove MeshFilter because tk2dSprite (Script) depends on it

Can't remove MeshRenderer because tk2dSprite (Script) depends on it

Can't destroy Transform component of 'Clash Tink'. If you want to destroy the game object, please call 'Destroy' on the game object instead. Destroying the transform component is not allowed.

Can't remove MeshFilter because tk2dSprite (Script) depends on it

Can't remove MeshRenderer because tk2dSprite (Script) depends on it

Can't destroy Transform component of 'Clash Tink'. If you want to destroy the game object, please call 'Destroy' on the game object instead. Destroying the transform component is not allowed.

Can't remove MeshFilter because tk2dSprite (Script) depends on it

Can't remove MeshRenderer because tk2dSprite (Script) depends on it

Can't destroy Transform component of 'Clash Tink'. If you want to destroy the game object, please call 'Destroy' on the game object instead. Destroying the transform component is not allowed.

Can't remove MeshFilter because tk2dSprite (Script) depends on it

Can't remove MeshRenderer because tk2dSprite (Script) depends on it

Can't destroy Transform component of 'Clash Tink'. If you want to destroy the game object, please call 'Destroy' on the game object instead. Destroying the transform component is not allowed.

Can't remove MeshFilter because tk2dSprite (Script) depends on it

Can't remove MeshRenderer because tk2dSprite (Script) depends on it

Can't destroy Transform component of 'Clash Tink'. If you want to destroy the game object, please call 'Destroy' on the game object instead. Destroying the transform component is not allowed.

Can't remove MeshFilter because tk2dSprite (Script) depends on it

Can't remove MeshRenderer because tk2dSprite (Script) depends on it

Can't destroy Transform component of 'Clash Tink'. If you want to destroy the game object, please call 'Destroy' on the game object instead. Destroying the transform component is not allowed.

Can't remove MeshFilter because tk2dSprite (Script) depends on it

Can't remove MeshRenderer because tk2dSprite (Script) depends on it

Can't destroy Transform component of 'Clash Tink'. If you want to destroy the game object, please call 'Destroy' on the game object instead. Destroying the transform component is not allowed.

Can't remove MeshFilter because tk2dSprite (Script) depends on it

Can't remove MeshRenderer because tk2dSprite (Script) depends on it

Can't destroy Transform component of 'Clash Tink'. If you want to destroy the game object, please call 'Destroy' on the game object instead. Destroying the transform component is not allowed.

Can't remove MeshFilter because tk2dSprite (Script) depends on it

Can't remove MeshRenderer because tk2dSprite (Script) depends on it

Can't destroy Transform component of 'Clash Tink'. If you want to destroy the game object, please call 'Destroy' on the game object instead. Destroying the transform component is not allowed.

Can't remove MeshFilter because tk2dSprite (Script) depends on it

Can't remove MeshRenderer because tk2dSprite (Script) depends on it

Can't destroy Transform component of 'Clash Tink'. If you want to destroy the game object, please call 'Destroy' on the game object instead. Destroying the transform component is not allowed.

Can't remove MeshFilter because tk2dSprite (Script) depends on it

Can't remove MeshRenderer because tk2dSprite (Script) depends on it

Can't destroy Transform component of 'Clash Tink'. If you want to destroy the game object, please call 'Destroy' on the game object instead. Destroying the transform component is not allowed.

Can't remove MeshFilter because tk2dSprite (Script) depends on it

Can't remove MeshRenderer because tk2dSprite (Script) depends on it

Can't destroy Transform component of 'Clash Tink'. If you want to destroy the game object, please call 'Destroy' on the game object instead. Destroying the transform component is not allowed.

Can't remove MeshFilter because tk2dSprite (Script) depends on it

Can't remove MeshRenderer because tk2dSprite (Script) depends on it

Can't destroy Transform component of 'Clash Tink'. If you want to destroy the game object, please call 'Destroy' on the game object instead. Destroying the transform component is not allowed.

Can't remove MeshFilter because tk2dSprite (Script) depends on it

Can't remove MeshRenderer because tk2dSprite (Script) depends on it

Can't destroy Transform component of 'Clash Tink'. If you want to destroy the game object, please call 'Destroy' on the game object instead. Destroying the transform component is not allowed.

AddEventHandlerComponent: PlayMakerFixedUpdate

AddEventHandlerComponent: PlayMakerFixedUpdate

AddEventHandlerComponent: PlayMakerFixedUpdate

AddEventHandlerComponent: PlayMakerFixedUpdate

AddEventHandlerComponent: PlayMakerFixedUpdate

AddEventHandlerComponent: PlayMakerFixedUpdate

AddEventHandlerComponent: PlayMakerFixedUpdate

AddEventHandlerComponent: PlayMakerFixedUpdate

AddEventHandlerComponent: PlayMakerFixedUpdate

AddEventHandlerComponent: PlayMakerFixedUpdate

AddEventHandlerComponent: PlayMakerFixedUpdate

AddEventHandlerComponent: PlayMakerFixedUpdate

AddEventHandlerComponent: PlayMakerFixedUpdate

AddEventHandlerComponent: PlayMakerFixedUpdate

AddEventHandlerComponent: PlayMakerFixedUpdate

AddEventHandlerComponent: PlayMakerFixedUpdate

AddEventHandlerComponent: PlayMakerFixedUpdate

AddEventHandlerComponent: PlayMakerFixedUpdate

AddEventHandlerComponent: PlayMakerFixedUpdate

Deferring level start (marked as manual).

Can't remove MeshFilter because tk2dSprite (Script) depends on it

Can't remove MeshRenderer because tk2dSprite (Script) depends on it

Can't destroy Transform component of 'Clash Tink'. If you want to destroy the game object, please call 'Destroy' on the game object instead. Destroying the transform component is not allowed.

Can't remove MeshFilter because tk2dSprite (Script) depends on it

Can't remove MeshRenderer because tk2dSprite (Script) depends on it

Can't destroy Transform component of 'Clash Tink'. If you want to destroy the game object, please call 'Destroy' on the game object instead. Destroying the transform component is not allowed.

Can't remove MeshFilter because tk2dSprite (Script) depends on it

Can't remove MeshRenderer because tk2dSprite (Script) depends on it

Can't destroy Transform component of 'Clash Tink'. If you want to destroy the game object, please call 'Destroy' on the game object instead. Destroying the transform component is not allowed.

Can't remove MeshFilter because tk2dSprite (Script) depends on it

Can't remove MeshRenderer because tk2dSprite (Script) depends on it

Can't destroy Transform component of 'Clash Tink'. If you want to destroy the game object, please call 'Destroy' on the game object instead. Destroying the transform component is not allowed.

Can't remove MeshFilter because tk2dSprite (Script) depends on it

Can't remove MeshRenderer because tk2dSprite (Script) depends on it

Can't destroy Transform component of 'Clash Tink'. If you want to destroy the game object, please call 'Destroy' on the game object instead. Destroying the transform component is not allowed.

Can't remove MeshFilter because tk2dSprite (Script) depends on it

Can't remove MeshRenderer because tk2dSprite (Script) depends on it

Can't destroy Transform component of 'Clash Tink'. If you want to destroy the game object, please call 'Destroy' on the game object instead. Destroying the transform component is not allowed.

Can't remove MeshFilter because tk2dSprite (Script) depends on it

Can't remove MeshRenderer because tk2dSprite (Script) depends on it

Can't destroy Transform component of 'Clash Tink'. If you want to destroy the game object, please call 'Destroy' on the game object instead. Destroying the transform component is not allowed.

Can't remove MeshFilter because tk2dSprite (Script) depends on it

Can't remove MeshRenderer because tk2dSprite (Script) depends on it

Can't destroy Transform component of 'Clash Tink'. If you want to destroy the game object, please call 'Destroy' on the game object instead. Destroying the transform component is not allowed.

Can't remove MeshFilter because tk2dSprite (Script) depends on it

Can't remove MeshRenderer because tk2dSprite (Script) depends on it

Can't destroy Transform component of 'Clash Tink'. If you want to destroy the game object, please call 'Destroy' on the game object instead. Destroying the transform component is not allowed.

Can't remove MeshFilter because tk2dSprite (Script) depends on it

Can't remove MeshRenderer because tk2dSprite (Script) depends on it

Can't destroy Transform component of 'Clash Tink'. If you want to destroy the game object, please call 'Destroy' on the game object instead. Destroying the transform component is not allowed.

Can't remove MeshFilter because tk2dSprite (Script) depends on it

Can't remove MeshRenderer because tk2dSprite (Script) depends on it

Can't destroy Transform component of 'Clash Tink'. If you want to destroy the game object, please call 'Destroy' on the game object instead. Destroying the transform component is not allowed.

Unable to get achievement CHARMED, because GOG is not authenticated.

Unable to push achievement CHARMED, because GOG is not authenticated.

Can't remove MeshFilter because tk2dSprite (Script) depends on it

Can't remove MeshRenderer because tk2dSprite (Script) depends on it

Can't destroy Transform component of 'Clash Tink'. If you want to destroy the game object, please call 'Destroy' on the game object instead. Destroying the transform component is not allowed.

Can't remove MeshFilter because tk2dSprite (Script) depends on it

Can't remove MeshRenderer because tk2dSprite (Script) depends on it

Can't destroy Transform component of 'Clash Tink'. If you want to destroy the game object, please call 'Destroy' on the game object instead. Destroying the transform component is not allowed.

AddEventHandlerComponent: PlayMakerFixedUpdate

AddEventHandlerComponent: PlayMakerFixedUpdate

AddEventHandlerComponent: PlayMakerFixedUpdate

AddEventHandlerComponent: PlayMakerCollisionEnter2D

AddEventHandlerComponent: PlayMakerFixedUpdate

Deferring level start (marked as manual).

Can't remove MeshFilter because tk2dSprite (Script) depends on it

Can't remove MeshRenderer because tk2dSprite (Script) depends on it

Can't destroy Transform component of 'Clash Tink'. If you want to destroy the game object, please call 'Destroy' on the game object instead. Destroying the transform component is not allowed.

Can't remove MeshFilter because tk2dSprite (Script) depends on it

Can't remove MeshRenderer because tk2dSprite (Script) depends on it

Can't destroy Transform component of 'Clash Tink'. If you want to destroy the game object, please call 'Destroy' on the game object instead. Destroying the transform component is not allowed.

AddEventHandlerComponent: PlayMakerFixedUpdate

AddEventHandlerComponent: PlayMakerFixedUpdate

AddEventHandlerComponent: PlayMakerFixedUpdate

AddEventHandlerComponent: PlayMakerFixedUpdate

AddEventHandlerComponent: PlayMakerFixedUpdate

AddEventHandlerComponent: PlayMakerFixedUpdate

AddEventHandlerComponent: PlayMakerFixedUpdate

AddEventHandlerComponent: PlayMakerFixedUpdate

AddEventHandlerComponent: PlayMakerFixedUpdate

AddEventHandlerComponent: PlayMakerFixedUpdate

AddEventHandlerComponent: PlayMakerFixedUpdate

AddEventHandlerComponent: PlayMakerFixedUpdate

AddEventHandlerComponent: PlayMakerFixedUpdate

AddEventHandlerComponent: PlayMakerFixedUpdate

AddEventHandlerComponent: PlayMakerFixedUpdate

AddEventHandlerComponent: PlayMakerFixedUpdate

AddEventHandlerComponent: PlayMakerFixedUpdate

AddEventHandlerComponent: PlayMakerFixedUpdate

AddEventHandlerComponent: PlayMakerFixedUpdate

Deferring level start (marked as manual).

AddEventHandlerComponent: PlayMakerFixedUpdate

AddEventHandlerComponent: PlayMakerFixedUpdate

AddEventHandlerComponent: PlayMakerFixedUpdate

AddEventHandlerComponent: PlayMakerCollisionEnter2D

AddEventHandlerComponent: PlayMakerFixedUpdate

Deferring level start (marked as manual).

PlayOneShot was called with a null AudioClip.

Can't remove MeshFilter because tk2dSprite (Script) depends on it

Can't remove MeshRenderer because tk2dSprite (Script) depends on it

Can't destroy Transform component of 'Clash Tink'. If you want to destroy the game object, please call 'Destroy' on the game object instead. Destroying the transform component is not allowed.

Can't remove MeshFilter because tk2dSprite (Script) depends on it

Can't remove MeshRenderer because tk2dSprite (Script) depends on it

Can't destroy Transform component of 'Clash Tink'. If you want to destroy the game object, please call 'Destroy' on the game object instead. Destroying the transform component is not allowed.

Can't remove MeshFilter because tk2dSprite (Script) depends on it

Can't remove MeshRenderer because tk2dSprite (Script) depends on it

Can't destroy Transform component of 'Clash Tink'. If you want to destroy the game object, please call 'Destroy' on the game object instead. Destroying the transform component is not allowed.

Can't remove MeshFilter because tk2dSprite (Script) depends on it

Can't remove MeshRenderer because tk2dSprite (Script) depends on it

Can't destroy Transform component of 'Clash Tink'. If you want to destroy the game object, please call 'Destroy' on the game object instead. Destroying the transform component is not allowed.

AddEventHandlerComponent: PlayMakerFixedUpdate

AddEventHandlerComponent: PlayMakerCollisionEnter2D

AddEventHandlerComponent: PlayMakerFixedUpdate

AddEventHandlerComponent: PlayMakerFixedUpdate

AddEventHandlerComponent: PlayMakerCollisionEnter2D

AddEventHandlerComponent: PlayMakerFixedUpdate

AddEventHandlerComponent: PlayMakerFixedUpdate

AddEventHandlerComponent: PlayMakerFixedUpdate

AddEventHandlerComponent: PlayMakerFixedUpdate

AddEventHandlerComponent: PlayMakerCollisionEnter2D

AddEventHandlerComponent: PlayMakerFixedUpdate

AddEventHandlerComponent: PlayMakerFixedUpdate

AddEventHandlerComponent: PlayMakerCollisionEnter2D

AddEventHandlerComponent: PlayMakerFixedUpdate

AddEventHandlerComponent: PlayMakerFixedUpdate

AddEventHandlerComponent: PlayMakerFixedUpdate

AddEventHandlerComponent: PlayMakerFixedUpdate

Persistent Bool Item (Vine Platform (1)) does not have a PlayMakerFSM attached to read state from.

Persistent Bool Item (Vine Platform (4)) does not have a PlayMakerFSM attached to read state from.

Persistent Bool Item (Vine Platform (3)) does not have a PlayMakerFSM attached to read state from.

Persistent Bool Item (Vine Platform (5)) does not have a PlayMakerFSM attached to read state from.

Persistent Bool Item (Vine Platform (2)) does not have a PlayMakerFSM attached to read state from.

Persistent Bool Item (Vine Platform) does not have a PlayMakerFSM attached to read state from.

Persistent Bool Item (Vine Platform (6)) does not have a PlayMakerFSM attached to read state from.

Deferring level start (marked as manual).

Object Pool attached to GlobalPool has run out of Audio Player NoDestroy prefabs, Instantiating an additional one.

Persistent Bool Item - Couldn't reset value on FSM because it's missing.

Persistent Bool Item - Couldn't reset value on FSM because it's missing.

Persistent Bool Item - Couldn't reset value on FSM because it's missing.

AddEventHandlerComponent: PlayMakerCollisionEnter2D

AddEventHandlerComponent: PlayMakerFixedUpdate

AddEventHandlerComponent: PlayMakerFixedUpdate

AddEventHandlerComponent: PlayMakerFixedUpdate

AddEventHandlerComponent: PlayMakerFixedUpdate

AddEventHandlerComponent: PlayMakerFixedUpdate

AddEventHandlerComponent: PlayMakerFixedUpdate

AddEventHandlerComponent: PlayMakerFixedUpdate

AddEventHandlerComponent: PlayMakerFixedUpdate

AddEventHandlerComponent: PlayMakerFixedUpdate

AddEventHandlerComponent: PlayMakerFixedUpdate

AddEventHandlerComponent: PlayMakerFixedUpdate

AddEventHandlerComponent: PlayMakerFixedUpdate

AddEventHandlerComponent: PlayMakerFixedUpdate

AddEventHandlerComponent: PlayMakerFixedUpdate

AddEventHandlerComponent: PlayMakerFixedUpdate

AddEventHandlerComponent: PlayMakerFixedUpdate

AddEventHandlerComponent: PlayMakerFixedUpdate

AddEventHandlerComponent: PlayMakerFixedUpdate

AddEventHandlerComponent: PlayMakerFixedUpdate

AddEventHandlerComponent: PlayMakerFixedUpdate

Deferring level start (marked as manual).

Unloading 32 Unused Serialized files (Serialized files now loaded: 4)

Unloading 2653 unused Assets to reduce memory usage. Loaded Objects now: 67827.
Total: 491.489100 ms (FindLiveObjects: 8.615000 ms CreateObjectMapping: 3.883100 ms MarkObjects: 467.507600 ms  DeleteObjects: 11.482600 ms)

Unable to get achievement CHARMED, because GOG is not authenticated.

Unable to push achievement CHARMED, because GOG is not authenticated.

AddEventHandlerComponent: PlayMakerFixedUpdate

AddEventHandlerComponent: PlayMakerFixedUpdate

AddEventHandlerComponent: PlayMakerFixedUpdate

AddEventHandlerComponent: PlayMakerCollisionEnter2D

AddEventHandlerComponent: PlayMakerFixedUpdate

Deferring level start (marked as manual).

AddEventHandlerComponent: PlayMakerFixedUpdate

AddEventHandlerComponent: PlayMakerCollisionEnter2D

AddEventHandlerComponent: PlayMakerFixedUpdate

AddEventHandlerComponent: PlayMakerFixedUpdate

AddEventHandlerComponent: PlayMakerCollisionEnter2D

AddEventHandlerComponent: PlayMakerFixedUpdate

AddEventHandlerComponent: PlayMakerFixedUpdate

AddEventHandlerComponent: PlayMakerFixedUpdate

AddEventHandlerComponent: PlayMakerFixedUpdate

AddEventHandlerComponent: PlayMakerCollisionEnter2D

AddEventHandlerComponent: PlayMakerFixedUpdate

AddEventHandlerComponent: PlayMakerFixedUpdate

AddEventHandlerComponent: PlayMakerCollisionEnter2D

AddEventHandlerComponent: PlayMakerFixedUpdate

AddEventHandlerComponent: PlayMakerFixedUpdate

AddEventHandlerComponent: PlayMakerFixedUpdate

AddEventHandlerComponent: PlayMakerFixedUpdate

Persistent Bool Item (Vine Platform (1)) does not have a PlayMakerFSM attached to read state from.

Persistent Bool Item (Vine Platform (4)) does not have a PlayMakerFSM attached to read state from.

Persistent Bool Item (Vine Platform (3)) does not have a PlayMakerFSM attached to read state from.

Persistent Bool Item (Vine Platform (5)) does not have a PlayMakerFSM attached to read state from.

Persistent Bool Item (Vine Platform (2)) does not have a PlayMakerFSM attached to read state from.

Persistent Bool Item (Vine Platform) does not have a PlayMakerFSM attached to read state from.

Persistent Bool Item (Vine Platform (6)) does not have a PlayMakerFSM attached to read state from.

Deferring level start (marked as manual).

AddEventHandlerComponent: PlayMakerFixedUpdate

PlayOneShot was called with a null AudioClip.

AddEventHandlerComponent: PlayMakerFixedUpdate

AddEventHandlerComponent: PlayMakerFixedUpdate

AddEventHandlerComponent: PlayMakerFixedUpdate

AddEventHandlerComponent: PlayMakerFixedUpdate

AddEventHandlerComponent: PlayMakerFixedUpdate

AddEventHandlerComponent: PlayMakerFixedUpdate

AddEventHandlerComponent: PlayMakerFixedUpdate

AddEventHandlerComponent: PlayMakerFixedUpdate

AddEventHandlerComponent: PlayMakerFixedUpdate

AddEventHandlerComponent: PlayMakerFixedUpdate

AddEventHandlerComponent: PlayMakerFixedUpdate

AddEventHandlerComponent: PlayMakerFixedUpdate

AddEventHandlerComponent: PlayMakerFixedUpdate

AddEventHandlerComponent: PlayMakerFixedUpdate

AddEventHandlerComponent: PlayMakerFixedUpdate

Object Pool attached to GlobalPool has run out of Audio Player Actor prefabs, Instantiating an additional one.

Object Pool attached to GlobalPool has run out of Audio Player Actor prefabs, Instantiating an additional one.

Bump Height: 5.960464E-08

Instantiate!

Object Pool attached to GlobalPool has run out of Audio Player NoDestroy prefabs, Instantiating an additional one.

Persistent Bool Item - Couldn't reset value on FSM because it's missing.

Persistent Bool Item - Couldn't reset value on FSM because it's missing.

AddEventHandlerComponent: PlayMakerCollisionEnter2D

AddEventHandlerComponent: PlayMakerFixedUpdate

AddEventHandlerComponent: PlayMakerFixedUpdate

AddEventHandlerComponent: PlayMakerFixedUpdate

AddEventHandlerComponent: PlayMakerFixedUpdate

AddEventHandlerComponent: PlayMakerFixedUpdate

AddEventHandlerComponent: PlayMakerFixedUpdate

AddEventHandlerComponent: PlayMakerFixedUpdate

AddEventHandlerComponent: PlayMakerFixedUpdate

AddEventHandlerComponent: PlayMakerFixedUpdate

AddEventHandlerComponent: PlayMakerFixedUpdate

AddEventHandlerComponent: PlayMakerFixedUpdate

AddEventHandlerComponent: PlayMakerFixedUpdate

AddEventHandlerComponent: PlayMakerFixedUpdate

AddEventHandlerComponent: PlayMakerFixedUpdate

AddEventHandlerComponent: PlayMakerFixedUpdate

AddEventHandlerComponent: PlayMakerFixedUpdate

AddEventHandlerComponent: PlayMakerFixedUpdate

AddEventHandlerComponent: PlayMakerFixedUpdate

AddEventHandlerComponent: PlayMakerFixedUpdate

AddEventHandlerComponent: PlayMakerFixedUpdate

Deferring level start (marked as manual).

Unloading 24 Unused Serialized files (Serialized files now loaded: 4)

Unloading 843 unused Assets to reduce memory usage. Loaded Objects now: 67842.
Total: 491.003700 ms (FindLiveObjects: 8.878900 ms CreateObjectMapping: 3.797900 ms MarkObjects: 474.504200 ms  DeleteObjects: 3.822200 ms)

Unable to get achievement CHARMED, because GOG is not authenticated.

Unable to push achievement CHARMED, because GOG is not authenticated.

AddEventHandlerComponent: PlayMakerFixedUpdate

AddEventHandlerComponent: PlayMakerFixedUpdate

AddEventHandlerComponent: PlayMakerFixedUpdate

AddEventHandlerComponent: PlayMakerCollisionEnter2D

AddEventHandlerComponent: PlayMakerFixedUpdate

Deferring level start (marked as manual).

Object Pool attached to GlobalPool has run out of Plat Grass prefabs, Instantiating an additional one.

Object Pool attached to GlobalPool has run out of Audio Player NoDestroy prefabs, Instantiating an additional one.

Persistent Bool Item - Couldn't reset value on FSM because it's missing.

AddEventHandlerComponent: PlayMakerCollisionEnter2D

AddEventHandlerComponent: PlayMakerFixedUpdate

AddEventHandlerComponent: PlayMakerFixedUpdate

AddEventHandlerComponent: PlayMakerFixedUpdate

AddEventHandlerComponent: PlayMakerFixedUpdate

AddEventHandlerComponent: PlayMakerFixedUpdate

AddEventHandlerComponent: PlayMakerFixedUpdate

AddEventHandlerComponent: PlayMakerFixedUpdate

AddEventHandlerComponent: PlayMakerFixedUpdate

AddEventHandlerComponent: PlayMakerFixedUpdate

AddEventHandlerComponent: PlayMakerFixedUpdate

AddEventHandlerComponent: PlayMakerFixedUpdate

AddEventHandlerComponent: PlayMakerFixedUpdate

AddEventHandlerComponent: PlayMakerFixedUpdate

AddEventHandlerComponent: PlayMakerFixedUpdate

AddEventHandlerComponent: PlayMakerFixedUpdate

AddEventHandlerComponent: PlayMakerFixedUpdate

AddEventHandlerComponent: PlayMakerFixedUpdate

AddEventHandlerComponent: PlayMakerFixedUpdate

AddEventHandlerComponent: PlayMakerFixedUpdate

AddEventHandlerComponent: PlayMakerFixedUpdate

Deferring level start (marked as manual).

Unloading 21 Unused Serialized files (Serialized files now loaded: 4)

Unloading 538 unused Assets to reduce memory usage. Loaded Objects now: 67848.
Total: 484.892900 ms (FindLiveObjects: 7.719900 ms CreateObjectMapping: 3.430200 ms MarkObjects: 469.169000 ms  DeleteObjects: 4.573100 ms)

Unable to get achievement CHARMED, because GOG is not authenticated.

Unable to push achievement CHARMED, because GOG is not authenticated.

AddEventHandlerComponent: PlayMakerFixedUpdate

AddEventHandlerComponent: PlayMakerFixedUpdate

AddEventHandlerComponent: PlayMakerFixedUpdate

AddEventHandlerComponent: PlayMakerCollisionEnter2D

AddEventHandlerComponent: PlayMakerFixedUpdate

Deferring level start (marked as manual).

AddEventHandlerComponent: PlayMakerFixedUpdate

PlayOneShot was called with a null AudioClip.

AddEventHandlerComponent: PlayMakerFixedUpdate

AddEventHandlerComponent: PlayMakerFixedUpdate

AddEventHandlerComponent: PlayMakerFixedUpdate

AddEventHandlerComponent: PlayMakerFixedUpdate

AddEventHandlerComponent: PlayMakerFixedUpdate

AddEventHandlerComponent: PlayMakerFixedUpdate

AddEventHandlerComponent: PlayMakerFixedUpdate

AddEventHandlerComponent: PlayMakerFixedUpdate

AddEventHandlerComponent: PlayMakerFixedUpdate

AddEventHandlerComponent: PlayMakerFixedUpdate

AddEventHandlerComponent: PlayMakerFixedUpdate

Object Pool attached to GlobalPool has run out of Audio Player NoDestroy prefabs, Instantiating an additional one.

Persistent Bool Item - Couldn't reset value on FSM because it's missing.

AddEventHandlerComponent: PlayMakerCollisionEnter2D

AddEventHandlerComponent: PlayMakerFixedUpdate

AddEventHandlerComponent: PlayMakerFixedUpdate

AddEventHandlerComponent: PlayMakerFixedUpdate

AddEventHandlerComponent: PlayMakerFixedUpdate

AddEventHandlerComponent: PlayMakerFixedUpdate

AddEventHandlerComponent: PlayMakerFixedUpdate

AddEventHandlerComponent: PlayMakerFixedUpdate

AddEventHandlerComponent: PlayMakerFixedUpdate

AddEventHandlerComponent: PlayMakerFixedUpdate

AddEventHandlerComponent: PlayMakerFixedUpdate

AddEventHandlerComponent: PlayMakerFixedUpdate

AddEventHandlerComponent: PlayMakerFixedUpdate

AddEventHandlerComponent: PlayMakerFixedUpdate

AddEventHandlerComponent: PlayMakerFixedUpdate

AddEventHandlerComponent: PlayMakerFixedUpdate

AddEventHandlerComponent: PlayMakerFixedUpdate

AddEventHandlerComponent: PlayMakerFixedUpdate

AddEventHandlerComponent: PlayMakerFixedUpdate

AddEventHandlerComponent: PlayMakerFixedUpdate

AddEventHandlerComponent: PlayMakerFixedUpdate

Deferring level start (marked as manual).

Unloading 21 Unused Serialized files (Serialized files now loaded: 4)

Unloading 383 unused Assets to reduce memory usage. Loaded Objects now: 67852.
Total: 479.915700 ms (FindLiveObjects: 6.203200 ms CreateObjectMapping: 4.738500 ms MarkObjects: 466.145700 ms  DeleteObjects: 2.827800 ms)

Unable to get achievement CHARMED, because GOG is not authenticated.

Unable to push achievement CHARMED, because GOG is not authenticated.

AddEventHandlerComponent: PlayMakerFixedUpdate

AddEventHandlerComponent: PlayMakerFixedUpdate

AddEventHandlerComponent: PlayMakerFixedUpdate

AddEventHandlerComponent: PlayMakerCollisionEnter2D

AddEventHandlerComponent: PlayMakerFixedUpdate

Deferring level start (marked as manual).

AddEventHandlerComponent: PlayMakerFixedUpdate

PlayOneShot was called with a null AudioClip.

AddEventHandlerComponent: PlayMakerFixedUpdate

AddEventHandlerComponent: PlayMakerFixedUpdate

AddEventHandlerComponent: PlayMakerFixedUpdate

AddEventHandlerComponent: PlayMakerFixedUpdate

AddEventHandlerComponent: PlayMakerFixedUpdate

AddEventHandlerComponent: PlayMakerFixedUpdate

AddEventHandlerComponent: PlayMakerFixedUpdate

AddEventHandlerComponent: PlayMakerFixedUpdate

AddEventHandlerComponent: PlayMakerFixedUpdate

Object Pool attached to GlobalPool has run out of Audio Player Actor prefabs, Instantiating an additional one.

AddEventHandlerComponent: PlayMakerFixedUpdate

Object Pool attached to GlobalPool has run out of Audio Player NoDestroy prefabs, Instantiating an additional one.

Persistent Bool Item - Couldn't reset value on FSM because it's missing.

AddEventHandlerComponent: PlayMakerCollisionEnter2D

AddEventHandlerComponent: PlayMakerFixedUpdate

AddEventHandlerComponent: PlayMakerFixedUpdate

AddEventHandlerComponent: PlayMakerFixedUpdate

AddEventHandlerComponent: PlayMakerFixedUpdate

AddEventHandlerComponent: PlayMakerFixedUpdate

AddEventHandlerComponent: PlayMakerFixedUpdate

AddEventHandlerComponent: PlayMakerFixedUpdate

AddEventHandlerComponent: PlayMakerFixedUpdate

AddEventHandlerComponent: PlayMakerFixedUpdate

AddEventHandlerComponent: PlayMakerFixedUpdate

AddEventHandlerComponent: PlayMakerFixedUpdate

AddEventHandlerComponent: PlayMakerFixedUpdate

AddEventHandlerComponent: PlayMakerFixedUpdate

AddEventHandlerComponent: PlayMakerFixedUpdate

AddEventHandlerComponent: PlayMakerFixedUpdate

AddEventHandlerComponent: PlayMakerFixedUpdate

AddEventHandlerComponent: PlayMakerFixedUpdate

AddEventHandlerComponent: PlayMakerFixedUpdate

AddEventHandlerComponent: PlayMakerFixedUpdate

AddEventHandlerComponent: PlayMakerFixedUpdate

Deferring level start (marked as manual).

Unloading 21 Unused Serialized files (Serialized files now loaded: 4)

Unloading 378 unused Assets to reduce memory usage. Loaded Objects now: 67860.
Total: 464.685800 ms (FindLiveObjects: 6.214400 ms CreateObjectMapping: 3.839200 ms MarkObjects: 450.357300 ms  DeleteObjects: 4.274200 ms)

Unable to get achievement CHARMED, because GOG is not authenticated.

Unable to push achievement CHARMED, because GOG is not authenticated.

AddEventHandlerComponent: PlayMakerFixedUpdate

AddEventHandlerComponent: PlayMakerFixedUpdate

AddEventHandlerComponent: PlayMakerFixedUpdate

AddEventHandlerComponent: PlayMakerCollisionEnter2D

AddEventHandlerComponent: PlayMakerFixedUpdate

Deferring level start (marked as manual).

AddEventHandlerComponent: PlayMakerFixedUpdate

PlayOneShot was called with a null AudioClip.

AddEventHandlerComponent: PlayMakerFixedUpdate

AddEventHandlerComponent: PlayMakerFixedUpdate

AddEventHandlerComponent: PlayMakerFixedUpdate

AddEventHandlerComponent: PlayMakerFixedUpdate

AddEventHandlerComponent: PlayMakerFixedUpdate

AddEventHandlerComponent: PlayMakerFixedUpdate

AddEventHandlerComponent: PlayMakerFixedUpdate

AddEventHandlerComponent: PlayMakerFixedUpdate

AddEventHandlerComponent: PlayMakerFixedUpdate

AddEventHandlerComponent: PlayMakerFixedUpdate

AddEventHandlerComponent: PlayMakerFixedUpdate

Object Pool attached to GlobalPool has run out of Audio Player NoDestroy prefabs, Instantiating an additional one.

Persistent Bool Item - Couldn't reset value on FSM because it's missing.

AddEventHandlerComponent: PlayMakerCollisionEnter2D

AddEventHandlerComponent: PlayMakerFixedUpdate

AddEventHandlerComponent: PlayMakerFixedUpdate

AddEventHandlerComponent: PlayMakerFixedUpdate

AddEventHandlerComponent: PlayMakerFixedUpdate

AddEventHandlerComponent: PlayMakerFixedUpdate

AddEventHandlerComponent: PlayMakerFixedUpdate

AddEventHandlerComponent: PlayMakerFixedUpdate

AddEventHandlerComponent: PlayMakerFixedUpdate

AddEventHandlerComponent: PlayMakerFixedUpdate

AddEventHandlerComponent: PlayMakerFixedUpdate

AddEventHandlerComponent: PlayMakerFixedUpdate

AddEventHandlerComponent: PlayMakerFixedUpdate

AddEventHandlerComponent: PlayMakerFixedUpdate

AddEventHandlerComponent: PlayMakerFixedUpdate

AddEventHandlerComponent: PlayMakerFixedUpdate

AddEventHandlerComponent: PlayMakerFixedUpdate

AddEventHandlerComponent: PlayMakerFixedUpdate

AddEventHandlerComponent: PlayMakerFixedUpdate

AddEventHandlerComponent: PlayMakerFixedUpdate

AddEventHandlerComponent: PlayMakerFixedUpdate

Deferring level start (marked as manual).

Unloading 21 Unused Serialized files (Serialized files now loaded: 4)

Unloading 380 unused Assets to reduce memory usage. Loaded Objects now: 67864.
Total: 480.247900 ms (FindLiveObjects: 4.907200 ms CreateObjectMapping: 3.136600 ms MarkObjects: 470.127400 ms  DeleteObjects: 2.076200 ms)

Unable to get achievement CHARMED, because GOG is not authenticated.

Unable to push achievement CHARMED, because GOG is not authenticated.

AddEventHandlerComponent: PlayMakerFixedUpdate

AddEventHandlerComponent: PlayMakerFixedUpdate

AddEventHandlerComponent: PlayMakerFixedUpdate

AddEventHandlerComponent: PlayMakerCollisionEnter2D

AddEventHandlerComponent: PlayMakerFixedUpdate

Deferring level start (marked as manual).

AddEventHandlerComponent: PlayMakerFixedUpdate

PlayOneShot was called with a null AudioClip.

AddEventHandlerComponent: PlayMakerFixedUpdate

Object Pool attached to GlobalPool has run out of Audio Player NoDestroy prefabs, Instantiating an additional one.

Persistent Bool Item - Couldn't reset value on FSM because it's missing.

AddEventHandlerComponent: PlayMakerCollisionEnter2D

AddEventHandlerComponent: PlayMakerFixedUpdate

AddEventHandlerComponent: PlayMakerFixedUpdate

AddEventHandlerComponent: PlayMakerFixedUpdate

AddEventHandlerComponent: PlayMakerFixedUpdate

AddEventHandlerComponent: PlayMakerFixedUpdate

AddEventHandlerComponent: PlayMakerFixedUpdate

AddEventHandlerComponent: PlayMakerFixedUpdate

AddEventHandlerComponent: PlayMakerFixedUpdate

AddEventHandlerComponent: PlayMakerFixedUpdate

AddEventHandlerComponent: PlayMakerFixedUpdate

AddEventHandlerComponent: PlayMakerFixedUpdate

AddEventHandlerComponent: PlayMakerFixedUpdate

AddEventHandlerComponent: PlayMakerFixedUpdate

AddEventHandlerComponent: PlayMakerFixedUpdate

AddEventHandlerComponent: PlayMakerFixedUpdate

AddEventHandlerComponent: PlayMakerFixedUpdate

AddEventHandlerComponent: PlayMakerFixedUpdate

AddEventHandlerComponent: PlayMakerFixedUpdate

AddEventHandlerComponent: PlayMakerFixedUpdate

AddEventHandlerComponent: PlayMakerFixedUpdate

Deferring level start (marked as manual).

Unloading 21 Unused Serialized files (Serialized files now loaded: 4)

Unloading 378 unused Assets to reduce memory usage. Loaded Objects now: 67868.
Total: 500.137300 ms (FindLiveObjects: 6.071800 ms CreateObjectMapping: 5.299900 ms MarkObjects: 485.240800 ms  DeleteObjects: 3.524300 ms)

Unable to get achievement CHARMED, because GOG is not authenticated.

Unable to push achievement CHARMED, because GOG is not authenticated.

AddEventHandlerComponent: PlayMakerFixedUpdate

AddEventHandlerComponent: PlayMakerFixedUpdate

AddEventHandlerComponent: PlayMakerFixedUpdate

AddEventHandlerComponent: PlayMakerCollisionEnter2D

AddEventHandlerComponent: PlayMakerFixedUpdate

Deferring level start (marked as manual).

AddEventHandlerComponent: PlayMakerFixedUpdate

PlayOneShot was called with a null AudioClip.

Object Pool attached to GlobalPool has run out of Hit Flash Black prefabs, Instantiating an additional one.

AddEventHandlerComponent: PlayMakerFixedUpdate

AddEventHandlerComponent: PlayMakerFixedUpdate

AddEventHandlerComponent: PlayMakerFixedUpdate

AddEventHandlerComponent: PlayMakerFixedUpdate

AddEventHandlerComponent: PlayMakerFixedUpdate

AddEventHandlerComponent: PlayMakerFixedUpdate

AddEventHandlerComponent: PlayMakerFixedUpdate

AddEventHandlerComponent: PlayMakerFixedUpdate

AddEventHandlerComponent: PlayMakerFixedUpdate

AddEventHandlerComponent: PlayMakerFixedUpdate

Object Pool attached to GlobalPool has run out of Audio Player NoDestroy prefabs, Instantiating an additional one.

Persistent Bool Item - Couldn't reset value on FSM because it's missing.

AddEventHandlerComponent: PlayMakerCollisionEnter2D

AddEventHandlerComponent: PlayMakerFixedUpdate

AddEventHandlerComponent: PlayMakerFixedUpdate

AddEventHandlerComponent: PlayMakerFixedUpdate

AddEventHandlerComponent: PlayMakerFixedUpdate

AddEventHandlerComponent: PlayMakerFixedUpdate

AddEventHandlerComponent: PlayMakerFixedUpdate

AddEventHandlerComponent: PlayMakerFixedUpdate

AddEventHandlerComponent: PlayMakerFixedUpdate

AddEventHandlerComponent: PlayMakerFixedUpdate

AddEventHandlerComponent: PlayMakerFixedUpdate

AddEventHandlerComponent: PlayMakerFixedUpdate

AddEventHandlerComponent: PlayMakerFixedUpdate

AddEventHandlerComponent: PlayMakerFixedUpdate

AddEventHandlerComponent: PlayMakerFixedUpdate

AddEventHandlerComponent: PlayMakerFixedUpdate

AddEventHandlerComponent: PlayMakerFixedUpdate

AddEventHandlerComponent: PlayMakerFixedUpdate

AddEventHandlerComponent: PlayMakerFixedUpdate

AddEventHandlerComponent: PlayMakerFixedUpdate

AddEventHandlerComponent: PlayMakerFixedUpdate

Deferring level start (marked as manual).

Unloading 21 Unused Serialized files (Serialized files now loaded: 4)

Unloading 381 unused Assets to reduce memory usage. Loaded Objects now: 67877.
Total: 469.677400 ms (FindLiveObjects: 8.475500 ms CreateObjectMapping: 3.130500 ms MarkObjects: 456.301800 ms  DeleteObjects: 1.769100 ms)

Unable to get achievement CHARMED, because GOG is not authenticated.

Unable to push achievement CHARMED, because GOG is not authenticated.

AddEventHandlerComponent: PlayMakerFixedUpdate

AddEventHandlerComponent: PlayMakerFixedUpdate

AddEventHandlerComponent: PlayMakerFixedUpdate

AddEventHandlerComponent: PlayMakerCollisionEnter2D

AddEventHandlerComponent: PlayMakerFixedUpdate

Deferring level start (marked as manual).

AddEventHandlerComponent: PlayMakerFixedUpdate

PlayOneShot was called with a null AudioClip.

AddEventHandlerComponent: PlayMakerFixedUpdate

AddEventHandlerComponent: PlayMakerFixedUpdate

AddEventHandlerComponent: PlayMakerFixedUpdate

AddEventHandlerComponent: PlayMakerFixedUpdate

AddEventHandlerComponent: PlayMakerFixedUpdate

AddEventHandlerComponent: PlayMakerFixedUpdate

AddEventHandlerComponent: PlayMakerFixedUpdate

AddEventHandlerComponent: PlayMakerFixedUpdate

AddEventHandlerComponent: PlayMakerFixedUpdate

AddEventHandlerComponent: PlayMakerFixedUpdate

AddEventHandlerComponent: PlayMakerFixedUpdate

AddEventHandlerComponent: PlayMakerFixedUpdate

Object Pool attached to GlobalPool has run out of Audio Player Actor prefabs, Instantiating an additional one.

Object Pool attached to GlobalPool has run out of Audio Player Actor prefabs, Instantiating an additional one.

Object Pool attached to GlobalPool has run out of Audio Player Actor prefabs, Instantiating an additional one.

AddEventHandlerComponent: PlayMakerFixedUpdate

AddEventHandlerComponent: PlayMakerCollisionEnter2D

AddEventHandlerComponent: PlayMakerFixedUpdate

AddEventHandlerComponent: PlayMakerFixedUpdate

AddEventHandlerComponent: PlayMakerCollisionEnter2D

AddEventHandlerComponent: PlayMakerFixedUpdate

AddEventHandlerComponent: PlayMakerFixedUpdate

AddEventHandlerComponent: PlayMakerFixedUpdate

AddEventHandlerComponent: PlayMakerFixedUpdate

AddEventHandlerComponent: PlayMakerCollisionEnter2D

AddEventHandlerComponent: PlayMakerFixedUpdate

AddEventHandlerComponent: PlayMakerFixedUpdate

AddEventHandlerComponent: PlayMakerCollisionEnter2D

AddEventHandlerComponent: PlayMakerFixedUpdate

AddEventHandlerComponent: PlayMakerFixedUpdate

AddEventHandlerComponent: PlayMakerFixedUpdate

AddEventHandlerComponent: PlayMakerFixedUpdate

Persistent Bool Item (Vine Platform (1)) does not have a PlayMakerFSM attached to read state from.

Persistent Bool Item (Vine Platform (4)) does not have a PlayMakerFSM attached to read state from.

Persistent Bool Item (Vine Platform (3)) does not have a PlayMakerFSM attached to read state from.

Persistent Bool Item (Vine Platform (5)) does not have a PlayMakerFSM attached to read state from.

Persistent Bool Item (Vine Platform (2)) does not have a PlayMakerFSM attached to read state from.

Persistent Bool Item (Vine Platform) does not have a PlayMakerFSM attached to read state from.

Persistent Bool Item (Vine Platform (6)) does not have a PlayMakerFSM attached to read state from.

Deferring level start (marked as manual).

Object Pool attached to GlobalPool has run out of Audio Player NoDestroy prefabs, Instantiating an additional one.

Persistent Bool Item - Couldn't reset value on FSM because it's missing.

Persistent Bool Item - Couldn't reset value on FSM because it's missing.

AddEventHandlerComponent: PlayMakerCollisionEnter2D

AddEventHandlerComponent: PlayMakerFixedUpdate

AddEventHandlerComponent: PlayMakerFixedUpdate

AddEventHandlerComponent: PlayMakerFixedUpdate

AddEventHandlerComponent: PlayMakerFixedUpdate

AddEventHandlerComponent: PlayMakerFixedUpdate

AddEventHandlerComponent: PlayMakerFixedUpdate

AddEventHandlerComponent: PlayMakerFixedUpdate

AddEventHandlerComponent: PlayMakerFixedUpdate

AddEventHandlerComponent: PlayMakerFixedUpdate

AddEventHandlerComponent: PlayMakerFixedUpdate

AddEventHandlerComponent: PlayMakerFixedUpdate

AddEventHandlerComponent: PlayMakerFixedUpdate

AddEventHandlerComponent: PlayMakerFixedUpdate

AddEventHandlerComponent: PlayMakerFixedUpdate

AddEventHandlerComponent: PlayMakerFixedUpdate

AddEventHandlerComponent: PlayMakerFixedUpdate

AddEventHandlerComponent: PlayMakerFixedUpdate

AddEventHandlerComponent: PlayMakerFixedUpdate

AddEventHandlerComponent: PlayMakerFixedUpdate

AddEventHandlerComponent: PlayMakerFixedUpdate

Deferring level start (marked as manual).

Unloading 24 Unused Serialized files (Serialized files now loaded: 4)

Unloading 840 unused Assets to reduce memory usage. Loaded Objects now: 67895.
Total: 455.085100 ms (FindLiveObjects: 7.123200 ms CreateObjectMapping: 3.411100 ms MarkObjects: 441.251800 ms  DeleteObjects: 3.298600 ms)

Unable to get achievement CHARMED, because GOG is not authenticated.

Unable to push achievement CHARMED, because GOG is not authenticated.

Can't remove MeshFilter because tk2dSprite (Script) depends on it

Can't remove MeshRenderer because tk2dSprite (Script) depends on it

Can't destroy Transform component of 'Clash Tink'. If you want to destroy the game object, please call 'Destroy' on the game object instead. Destroying the transform component is not allowed.

Can't remove MeshFilter because tk2dSprite (Script) depends on it

Can't remove MeshRenderer because tk2dSprite (Script) depends on it

Can't destroy Transform component of 'Clash Tink'. If you want to destroy the game object, please call 'Destroy' on the game object instead. Destroying the transform component is not allowed.

Can't remove MeshFilter because tk2dSprite (Script) depends on it

Can't remove MeshRenderer because tk2dSprite (Script) depends on it

Can't destroy Transform component of 'Clash Tink'. If you want to destroy the game object, please call 'Destroy' on the game object instead. Destroying the transform component is not allowed.

Can't remove MeshFilter because tk2dSprite (Script) depends on it

Can't remove MeshRenderer because tk2dSprite (Script) depends on it

Can't destroy Transform component of 'Clash Tink'. If you want to destroy the game object, please call 'Destroy' on the game object instead. Destroying the transform component is not allowed.

Can't remove MeshFilter because tk2dSprite (Script) depends on it

Can't remove MeshRenderer because tk2dSprite (Script) depends on it

Can't destroy Transform component of 'Clash Tink'. If you want to destroy the game object, please call 'Destroy' on the game object instead. Destroying the transform component is not allowed.

Can't remove MeshFilter because tk2dSprite (Script) depends on it

Can't remove MeshRenderer because tk2dSprite (Script) depends on it

Can't destroy Transform component of 'Clash Tink'. If you want to destroy the game object, please call 'Destroy' on the game object instead. Destroying the transform component is not allowed.

Can't remove MeshFilter because tk2dSprite (Script) depends on it

Can't remove MeshRenderer because tk2dSprite (Script) depends on it

Can't destroy Transform component of 'Clash Tink'. If you want to destroy the game object, please call 'Destroy' on the game object instead. Destroying the transform component is not allowed.

Unloading 6 Unused Serialized files (Serialized files now loaded: 4)
UnloadTime: 13.393300 ms
Deferring level start (marked as manual).


Unloading 1012 unused Assets to reduce memory usage. Loaded Objects now: 62745.
Total: 463.012000 ms (FindLiveObjects: 6.739000 ms CreateObjectMapping: 3.169300 ms MarkObjects: 449.566700 ms  DeleteObjects: 3.536500 ms)

Unloading 5 Unused Serialized files (Serialized files now loaded: 4)
UnloadTime: 0.548600 ms
DontDestroyOnLoad only works for root GameObjects or components on root GameObjects.

DontDestroyOnLoad only works for root GameObjects or components on root GameObjects.

DontDestroyOnLoad only works for root GameObjects or components on root GameObjects.

Coroutine couldn't be started because the the game object 'OptionsMenuScreen' is inactive!

DontDestroyOnLoad only works for root GameObjects or components on root GameObjects.

Couldn't find a Hero, make sure one exists in the scene.

Couldn't find a Hero, make sure one exists in the scene.

Performing automatic level start.

Game controller set to XInput Controller.

Controller Type: XboxOne

Active Gamepad Type: XBOX_ONE

Game controller set to XInput Controller.

Couldn't find a Hero, make sure one exists in the scene.

Couldn't find a Hero, make sure one exists in the scene.

Couldn't find a Hero, make sure one exists in the scene.

Couldn't find a Hero, make sure one exists in the scene.

Couldn't find a Hero, make sure one exists in the scene.

Couldn't find a Hero, make sure one exists in the scene.

Couldn't find a Hero, make sure one exists in the scene.

Couldn't find a Hero, make sure one exists in the scene.

Couldn't find a Hero, make sure one exists in the scene.

Couldn't find a Hero, make sure one exists in the scene.

Couldn't find a Hero, make sure one exists in the scene.

Couldn't find a Hero, make sure one exists in the scene.

Couldn't find a Hero, make sure one exists in the scene.

Couldn't find a Hero, make sure one exists in the scene.

Couldn't find a Hero, make sure one exists in the scene.

Couldn't find a Hero, make sure one exists in the scene.

Couldn't find a Hero, make sure one exists in the scene.

Couldn't find a Hero, make sure one exists in the scene.

Couldn't find a Hero, make sure one exists in the scene.

Couldn't find a Hero, make sure one exists in the scene.

Couldn't find a Hero, make sure one exists in the scene.

Couldn't find a Hero, make sure one exists in the scene.

Couldn't find a Hero, make sure one exists in the scene.

Couldn't find a Hero, make sure one exists in the scene.

Couldn't find a Hero, make sure one exists in the scene.

Couldn't find a Hero, make sure one exists in the scene.

Couldn't find a Hero, make sure one exists in the scene.

Couldn't find a Hero, make sure one exists in the scene.

Couldn't find a Hero, make sure one exists in the scene.

Couldn't find a Hero, make sure one exists in the scene.

Couldn't find a Hero, make sure one exists in the scene.

Couldn't find a Hero, make sure one exists in the scene.

Couldn't find a Hero, make sure one exists in the scene.

Couldn't find a Hero, make sure one exists in the scene.

Couldn't find a Hero, make sure one exists in the scene.

Couldn't find a Hero, make sure one exists in the scene.

Couldn't find a Hero, make sure one exists in the scene.

Couldn't find a Hero, make sure one exists in the scene.

Couldn't find a Hero, make sure one exists in the scene.

Couldn't find a Hero, make sure one exists in the scene.

Couldn't find a Hero, make sure one exists in the scene.

Couldn't find a Hero, make sure one exists in the scene.

Couldn't find a Hero, make sure one exists in the scene.

Couldn't find a Hero, make sure one exists in the scene.

Couldn't find a Hero, make sure one exists in the scene.

Couldn't find a Hero, make sure one exists in the scene.

Couldn't find a Hero, make sure one exists in the scene.

Couldn't find a Hero, make sure one exists in the scene.

Couldn't find a Hero, make sure one exists in the scene.

Couldn't find a Hero, make sure one exists in the scene.

Couldn't find a Hero, make sure one exists in the scene.

Couldn't find a Hero, make sure one exists in the scene.

Couldn't find a Hero, make sure one exists in the scene.

Couldn't find a Hero, make sure one exists in the scene.

Couldn't find a Hero, make sure one exists in the scene.

Couldn't find a Hero, make sure one exists in the scene.


Unloading 600 unused Assets to reduce memory usage. Loaded Objects now: 55508.
Total: 360.811500 ms (FindLiveObjects: 7.022500 ms CreateObjectMapping: 3.427200 ms MarkObjects: 341.577300 ms  DeleteObjects: 8.783600 ms)

Couldn't find a Hero, make sure one exists in the scene.

Couldn't find a Hero, make sure one exists in the scene.

Couldn't find a Hero, make sure one exists in the scene.

Couldn't find a Hero, make sure one exists in the scene.

Couldn't find a Hero, make sure one exists in the scene.

Couldn't find a Hero, make sure one exists in the scene.

Couldn't find a Hero, make sure one exists in the scene.

Couldn't find a Hero, make sure one exists in the scene.

Couldn't find a Hero, make sure one exists in the scene.

Couldn't find a Hero, make sure one exists in the scene.

Couldn't find a Hero, make sure one exists in the scene.

Couldn't find a Hero, make sure one exists in the scene.

Couldn't find a Hero, make sure one exists in the scene.

Couldn't find a Hero, make sure one exists in the scene.

Couldn't find a Hero, make sure one exists in the scene.

Couldn't find a Hero, make sure one exists in the scene.

Couldn't find a Hero, make sure one exists in the scene.

Couldn't find a Hero, make sure one exists in the scene.

Couldn't find a Hero, make sure one exists in the scene.

Couldn't find a Hero, make sure one exists in the scene.

Couldn't find a Hero, make sure one exists in the scene.

Couldn't find a Hero, make sure one exists in the scene.

Couldn't find a Hero, make sure one exists in the scene.

Couldn't find a Hero, make sure one exists in the scene.

Couldn't find a Hero, make sure one exists in the scene.

Couldn't find a Hero, make sure one exists in the scene.

Couldn't find a Hero, make sure one exists in the scene.

Couldn't find a Hero, make sure one exists in the scene.

Couldn't find a Hero, make sure one exists in the scene.

Couldn't find a Hero, make sure one exists in the scene.

Couldn't find a Hero, make sure one exists in the scene.

Couldn't find a Hero, make sure one exists in the scene.

Couldn't find a Hero, make sure one exists in the scene.

Couldn't find a Hero, make sure one exists in the scene.

Couldn't find a Hero, make sure one exists in the scene.

Couldn't find a Hero, make sure one exists in the scene.

Couldn't find a Hero, make sure one exists in the scene.

Couldn't find a Hero, make sure one exists in the scene.

Couldn't find a Hero, make sure one exists in the scene.

Couldn't find a Hero, make sure one exists in the scene.

Couldn't find a Hero, make sure one exists in the scene.

Couldn't find a Hero, make sure one exists in the scene.

Couldn't find a Hero, make sure one exists in the scene.

Couldn't find a Hero, make sure one exists in the scene.

Couldn't find a Hero, make sure one exists in the scene.

Couldn't find a Hero, make sure one exists in the scene.

Couldn't find a Hero, make sure one exists in the scene.

Couldn't find a Hero, make sure one exists in the scene.

Couldn't find a Hero, make sure one exists in the scene.

Couldn't find a Hero, make sure one exists in the scene.

Couldn't find a Hero, make sure one exists in the scene.

Couldn't find a Hero, make sure one exists in the scene.

Couldn't find a Hero, make sure one exists in the scene.

Couldn't find a Hero, make sure one exists in the scene.

Couldn't find a Hero, make sure one exists in the scene.

Couldn't find a Hero, make sure one exists in the scene.

Setting up 2 worker threads for Enlighten.
  Thread -> id: 10d8 -> priority: 1 
  Thread -> id: 19a8 -> priority: 1 
